source,trans1,trans2
"这个擦丝器太好用了，护手设计，不浪费食材！
轻松切各种粗丝、细丝、薄片、厚片
再也不用担心伤到手了！


绝大多数家庭还在用笨重的菜刀，不仅切的慢还容易伤到手！我也是去了一趟朋友家才知道还有这种切菜神器！炒菜做饭原来这么简单！菜刀能切的它都能切，菜刀切不了的它也能切！切片切丝切块统统都行！切出来的蔬菜大小完整、厚薄均匀！就连干了30年的厨师也赞不绝口！","이 가위는 너무 좋아요. 손 보호 디자인으로 식재료를 낭비하지 않아요!
각종 굵은 실, 가는 실, 얇은 조각, 두꺼운 조각을 쉽게 자르실 수 있어요.
더 이상 손이 상하던 걱정을 안 해요!

대부분의 가정은 무거운 칼을 사용하고 있어요. 칼이 느리지만 손이 상하기 쉽기도 해요. 친구 집에 가서 이런 칼이 있다는 것을 알게 되었어요. 볶다 요리하는 것이 이렇게 쉽다니! 칼이 자를 수 있는 것은 다 자를 수 있고, 칼이 자를 수 없는 것은도 자를 수 있어요! 조각, 실, 조각을 다 자를 수 있어요! 자른 채소는 크기, 두께가 균일해요! 30년 동안 건조한 요리사도 칭찬을 멈추지 않아요!","['이 스크러버는 너무 쓰기 좋습니다, 손 보호대 디자인으로 식자재를 낭비하지 않습니다!\n각종 굵은 실, 가는 실, 얇은 조각, 두꺼운 조각을 쉽게 자릅니다\n더 이상 손을 다칠 염려가 없습니다!\n\n\n대다수의 가정은 여전히 육중한 식칼을 사용하고 있습니다. 천천히 자를 뿐만 아니라 손도 다치기 쉽습니다!저도 친구 집에 다녀와서 이런 야채 썰기가 있다는 걸 알았어요!요리하고 요리하는 것이 이렇게 간단했군요!칼은 썰 수 있는 것도 썰 수 있고 칼은 썰 수 없는 것도 썰 수 있습니다!채썰기 채썰기 다 좋아요!썰어낸 야채는 크기가 온전하고 두께가 균일합니다!30년차 요리사조차 극찬!']"
别人半小时切不完的菜，用它两分钟就能搞定！关键是它一体成型，完全不会伤手！一小会就能切好一大桌菜，非常轻松，想切什么切什么，想怎么切就怎么切！而且清洗的时候也很方便，直接用水一冲就行了！有了它，切菜做饭不仅非常快，而且还好看又美味！老公天天夸我比饭店做的还要好吃！如果你也经常做饭就别犹豫了！划走可就找不到这么好用的切菜器了！,"다른 사람은 반 시간 동안 채소를 자르지 못하지만, 이걸로 2분만에 끝낼 수 있다! 핵심은 일체형으로 손이 상하지 않다! 잠시만 지나도 큰 식탁의 채소를 잘라낼 수 있으며 매우 쉽고, 자를 수 있는 것이 마음대로, 자를 수 있는 것이 마음대로! 그리고 세척할 때도 매우 편리하여 물로 씻어도 돼! 이걸로 채소와 음식을 잘라내는 것은 매우 빠르지만, 매우 예쁘고 맛있기도 하다! 남편은 매일 음식점보다 맛있게 만들어줘서 칭찬해! 당신도 자주 음식을 만들어야 한다면 망설이지 마세요! 이렇게 좋은 채소 자르는 도구를 찾을 수 없다면!",['남들은 30분 동안 썰 수 없는 음식을 2분 만에 뚝딱 해치웁니다!핵심은 손을 전혀 다치지 않고 일체형으로 성형하는 것입니다!조금만 있으면 큰 상차림도 뚝딱뚝딱 썰고 싶은 대로 썰면 뚝딱!그리고 씻을 때도 편하고 그냥 물로 헹구면 됩니다!그것이 있으면 야채를 자르고 요리하는 것이 매우 빠를 뿐만 아니라 보기 좋고 맛있습니다!남편은 매일 식당에서 만든 것보다 더 맛있다고 칭찬합니다!만약 당신도 자주 요리를 한다면 망설이지 마세요!긁어 버리면 이렇게 편리한 야채 절단기를 찾을 수 없습니다!']
"嘻哈朋克开口弹力手镯
让您从此告别高血糖，开启健康生活！
男女都能佩戴，时尚易搭配，持续释放负离子！
能有效通畅血管，平衡人体正负离子，降低血糖，为您的健康护航。
消除疲劳，防辐射，健康减脂，轻松塑造完美身材。
经常佩戴，增强体质，呵护健康","힙합 펑크 스트레치 팔찌
고혈당을 이별하고 건강한 생활을 시작하세요!
남녀 모두 착용 가능, 스타일리쉬하고 코디하기 쉬움, 음이온 지속적으로 방출!
혈관을 원활하게 하여, 인체의 양극자와 음이온을 균형있게 하여, 혈당을 낮추어 건강을 지킵니다.
피로를 없애고 방사선을 차단하고 건강한 체중 감량, 완벽한 몸매를 쉽게 만듭니다.
 经常佩戴，增强体质，呵护健康
자주 착용하면 체질을 강화하고 건강을 보호합니다.","['힙합 펑크 오픈 스판 팔찌\n이제부터 고혈당과 작별하고 건강한 삶을 살겠습니다!\n남녀 모두 착용할 수 있어 스타일리쉬하게 매치할 수 있으며 음이온을 지속적으로 방출!\n혈관을 효과적으로 차단하고 인체의 양이온과 음이온의 균형을 유지하며 혈당을 낮추고 건강을 보호할 수 있습니다.\n피로회복, 방사선 차단, 건강한 지방감소로 손쉽게 몸매를 가꾸어 줍니다.\n자주 착용하여 체력 증진 및 건강 관리']"
"红蛋白弹润贵妇面霜
1秒让粗大毛孔变得细腻光滑！
改善暗沉粗糙，底妆更服帖
肌肤看起来清透白皙，就像天生的好皮肤！

如果出门不想化妆，但又想拥有好皮肤，可以试试这款龙血膏！
它的神奇之处在于，只需1秒，粗大毛孔就会变得细腻光滑，细纹、瑕疵都看不到了！肌肤清透白皙，仿佛拥有了天生的好皮肤。
你的底妆更会服帖，持久绽放，48小时不晕染不脱落。
享受顶级护肤体验，尽在这款贵妇面霜！","레드 프로테인 촉촉한 고급妇人 크림
1초에 거친 모공을 부드럽고 매끄럽게!
다크하고 거친 피부 개선, 바탕 메이크업이 더욱 밀착
피부가 투명하고 하얗게 보이면, 선천적으로 좋은 피부처럼!

외출할 때 화장을 하고 싶지 않지만 좋은 피부를 원한다면, 이 드래곤 블러드 크림을 시도해보세요!
기적적인 것은 1초만에 거친 모공이 부드럽고 매끄러워지며, 주름과 결점이 보이지 않습니다! 피부가 투명하고 하얗게 보이면, 선천적으로 좋은 피부를 가지고 있는 것 같습니다.
바탕 메이크업이 더욱 밀착되어, 48시간 동안 퇴색이나 탈락이 없습니다.
최고의 피부 관리를 즐기세요, 이 고급妇人 크림!","['헤모글로빈 탄력 귀부 크림\n넓어진 모공을 1초 만에 촘촘하고 매끈하게!\n칙칙하고 거칠어짐 개선, 밀착력 높은 베이스 메이크업\n피부가 맑고 하얗게 보여서 타고난 듯 좋은 피부!\n\n밖에 나가 화장하기 싫으면서도 좋은 피부를 원한다면 이 용혈고를 사용해 보세요!\n그것의 신기한 점은 1초만에 넓은 모공이 미세하고 매끈해져서 잔주름, 잡티가 보이지 않는다는 것입니다!피부가 맑고 깨끗하여 타고난 듯합니다.\n당신의 베이스 화장이 더 잘 밀착되고, 오래 지속되며, 48시간 동안 번지거나 벗겨지지 않습니다.\n최상의 스킨케어를 즐기세요, 이 귀부인의 크림에만!']"
"德国精钢研磨机
厨房料理好帮手
家用小型研磨机，各种五谷杂粮都可以磨成粉！
打粉、绞肉、磨豆浆、药材，通通一键搞定！

别再买榨汁机、豆浆机、打粉机这些浪费钱的东西了！这个研磨机一个顶五个，榨汁、打粉等等通通都能搞定，家家都应该备一个！四刃高硬度不锈钢刀片，锋利坚韧！操作特别简单，只需要几十秒就可以把五谷杂粮磨成细腻的粉末！用它磨豆浆又快又细腻，豆渣细腻的就像豆粉冲泡出来的一样，毫无颗粒感，无需过滤就可以直接喝！","독일 정강도研磨기
주방 요리 도우미
가정용 소형研磨기, 다양한 곡물과 잡곡을 가루로 만들 수 있다!
가루 만들기, 고기 뽑기, 콩국 만들기, 약재, 전부 원터치로 해결!

더 이상 제육기, 콩국기, 가루기 같은 돈 낭비하는 것을 사지 마세요! 이研磨기는 5개에 해당하는, 제육기, 가루기 등 전부 원터치로 해결할 수 있어, 모든 가정에 하나씩 준비해야 합니다! 4칼날 고경도 스테인리스 칼날, 날카롭고 질기다! 조작이 매우 간단하여, 몇 십초 만에 곡물과 잡곡을 가루로 만들 수 있다! 이를 사용하여 콩국을 만들면 빠르고 부드럽고, 콩 찌꺼기도 부드러워서 콩가루를 우려내는 것처럼 입자가 없으며, 여과 없이 바로 마실 수 있다!","['독일정강연마기\n주방 요리 도우미\n가정용 소형 그라인더로 각종 오곡 잡곡을 가루로 빻을 수 있습니다!\n가루내기, 고기 갈기, 두유 갈기, 약재까지 원터치로!\n\n믹서기, 두유기, 분말기 등 돈 낭비하는 물건은 그만 사세요!이 그라인더는 한 개에 다섯 개에 달합니다, 착즙, 분말 등을 모두 처리할 수 있습니다, 집집마다 하나씩 준비해야 합니다!4날 고경도 스테인리스 스틸 블레이드, 날카롭고 강인함!조작은 매우 간단하며 통곡물을 몇십 초 만에 미세한 가루로 만들 수 있습니다!콩을 갈아서 빠르고 곱게 만든 콩비지는 콩가루를 우려낸 것처럼 입감 없이 여과 없이 바로 마실 수 있습니다!']"
它是304不锈钢材质的，食品级材质，使用更安心！也可以用它给宝宝做辅食，一次一份，新鲜健康！也不用怕做多了，浪费吃不完！还可以用它来磨咖啡、辣椒或是各种调味作料！小小的一个，放在哪里都不占地方！喜欢就赶紧点击下方链接购买，十分钟内下单可享受优先发货！划走就再也找不到了！,"304 스테인리스 스틸 소재로 식품급 소재로 사용이 더욱 안심! 아기에게 보조음식을 만들어주어도 좋고, 한 번에 한 번씩, 신선하고 건강! 너무 많이 만들어도 걱정할 필요가 없고, 먹을 수 없을 정도로 낭비할 필요가 없어요! 커피, 고추, 각종 조미료를 갈 수 있어요! 작은 사이즈로 어디에나 놓아도 공간을 차지하지 않아요! 좋아하면 아래 링크를 클릭하여 구매하세요. 10분 이내에 주문하시면 우선 발송 가능! 사라지면 더 이상 찾을 수 없어요!","['304 스테인리스 스틸 소재로 식품 등급 소재로 더욱 안심하고 사용하실 수 있습니다!그것은 또한 아기에게 이유식으로 사용될 수 있습니다, 한 번에 하나씩, 신선하고 건강합니다!너무 많이 해서 다 먹지 못할까 봐 겁낼 필요도 없습니다!커피, 고추 또는 다양한 조미료를 갈아서 사용할 수도 있습니다!작은 것은 어디에 놓아도 자리를 차지하지 않습니다!마음에 드시면 바로 아래 링크를 클릭하셔서 구매하시면 10분 안에 주문하시면 우선 배송을 받으실 수 있습니다!노를 저어 가면 다시는 찾을 수 없습니다!']"
"负离子卷发直发两用梳，轻松一梳，柔顺丝滑
负离子直发梳，卷直两用，3秒快速打造柔顺发型
双层设计防烫不伤发，适合不同发质

不会还有人不知道这款被发型师吹捧的直发梳吧？无论是拉直还是卷发内扣，用这一把梳子都可以搞定！它内含负离子成分，可以有效保护我们的头发不受损！每次去理发店做完头发后，头发不是干枯就是打结！这把直发梳具备权威机构认证，真正的不伤发！五档调节功能，不烫头皮不烫手！想做直发的，只需轻轻一梳，30秒就能搞定！想做卷发内扣的，把头发绕两圈，做出来的卷发特别自然有型，还不毛躁！就像女明星一样漂亮！自己在家就能轻松操作，省下去理发店做头发的钱！","음이온 헤어칼, 헤어칼, 헤어칼, 헤어칼, 헤어칼, 헤어칼, 헤어칼, 헤어칼, 헤어칼, 헤어칼, 헤어칼, 헤어칼, 헤어칼, 헤어칼, 헤어칼, 헤어칼, 헤어칼, 헤어칼, 헤어칼, 헤어칼, 헤어칼, 헤어칼, 헤어칼, 헤어칼, 헤어칼, 헤어칼, 헤어칼, 헤어칼, 헤어칼, 헤어칼, 헤어칼, 헤어칼, 헤어칼, 헤어칼, 헤어칼, 헤어칼, 헤어칼, 헤어칼, 헤어칼, 헤어칼, 헤어칼, 헤어칼, 헤어칼, 헤어칼, 헤어칼, 헤어칼, 헤어칼, 헤어칼, 헤어칼, 헤어칼, 헤어칼, 헤어칼, 헤어칼, 헤어칼, 헤어칼, 헤어칼, 헤어칼, 헤어칼, 헤어칼, 헤어칼, 헤어칼, 헤어칼, 헤어칼, 헤어칼, 헤어칼, 헤어칼, 헤어칼, 헤어칼, 헤어칼, 헤어칼, 헤어칼, 헤어칼, 헤어칼, 헤어칼, 헤어칼, 헤어칼, 헤어칼, 헤어칼, 헤어칼, 헤어칼, 헤어칼, 헤어칼, 헤어칼, 헤어칼, 헤어칼, 헤어칼, 헤어칼, 헤어칼, 헤어칼, 헤어칼, 헤어칼, 헤어칼, 헤어칼, 헤어칼, 헤어칼, 헤어칼, 헤어칼, 헤어칼, 헤어칼, 헤어칼, 헤어칼, 헤어칼, 헤어칼, 헤어칼, 헤어칼, 헤어칼, 헤어칼, 헤어칼, 헤어칼, 헤어칼, 헤어칼, 헤어칼, 헤어칼, 헤어칼, 헤어칼, 헤어칼, 헤어칼, 헤어칼, 헤어칼, 헤어칼, 헤어칼, 헤어칼, 헤어칼, 헤어칼, 헤어칼, 헤어칼, 헤어칼, 헤어칼, 헤어칼, 헤어칼, 헤어칼, 헤어칼, 헤어칼, 헤어칼, 헤어칼, 헤어칼, 헤어칼, 헤어칼, 헤어칼, 헤어칼, 헤어칼, 헤어칼, 헤어칼, 헤어칼, 헤어칼, 헤어칼, 헤어칼, 헤어칼, 헤어칼, 헤어칼, 헤어칼, 헤어칼, 헤어칼, 헤어칼, 헤어칼, 헤어칼, 헤어칼, 헤어칼, 헤어칼, 헤어칼, 헤어칼, 헤어칼, 헤어칼, 헤어칼, 헤어칼, 헤어칼, 헤어칼, 헤어칼, 헤어칼, 헤어칼, 헤어칼, 헤어칼, 헤어칼, 헤어칼, 헤어칼, 헤어칼, 헤어칼, 헤어칼, 헤어칼, 헤어칼, 헤어칼, 헤어칼, 헤어칼, 헤어칼, 헤어칼, 헤어칼, 헤어칼, 헤어칼, 헤어칼, 헤어칼, 헤어칼, 헤어칼, 헤어칼, 헤어칼, 헤어칼, 헤어칼, 헤어칼, 헤어칼, 헤어칼, 헤어칼, 헤어칼, 헤어칼, 헤어칼, 헤어칼, 헤","['음이온 매직 스트레이트 투웨이 브러쉬로 가볍게 빗어주어 매끈하게 마무리\n음이온 스트레이트 빗, 컬링 투웨이, 3초간 빠른 부드러운 헤어스타일 완성\n이중 디자인으로 모발 손상 없이 다양한 모발에 적합\n\n설마 헤어디자이너가 추켜세우는 생머리 빗을 모르는 사람은 없겠죠?스트레이트 업이든 컬 업이든 이 빗으로 마무리!음이온 성분이 함유되어 모발 손상으로부터 보호해 줍니다!이발소에 가서 머리를 하고 나면 머리카락이 마르지 않거나 엉켜 있습니다!이 스트레이트 빗은 권위 있는 기관의 인증을 받아 머리카락이 손상되지 않습니다!5단 조절 기능으로 두피나 손을 데지 않습니다!스트레이트 원하시면 가볍게 빗질만 하면 30초 만에 끝납니다!컬 속단추를 하고 싶은 사람은 머리를 두 번 감으면 컬이 자연스럽고 텁텁하지 않습니다!여자 스타처럼 예뻐요!집에서 혼자 쉽게 할 수 있으니 미용실 머리값 아낄 수 있어요!']"
谁能想到有一天，一个小小的车载暖风机，竟然能有这么实用的功能！这个就是专为解决冬天车玻璃起雾的车载暖风机！早上太冷，车玻璃容易起雾，不要再用手去擦了，不仅影响开车安全，还容易看不清！就用这个车载暖风机，不管是高配车还是低配车，只要插在点烟口上就能用！自带吸盘，把它放在仪表台上，只要30秒，前挡风玻璃就变的干干净净了！玻璃清晰透亮！底座可以360度旋转！它的暖风功能还能让车里迅速升温，就算不开空调，车内也很暖和！比开空调更省油！它小巧方便携带，随时随地带着它，放在仪表台上就能用！有热风冷风两种模式，方便又省心！,"누가 생각할 수 있겠습니까? 작은 차량 난방기,竟然 이렇게 실용적인 기능이 있어요! 이것은 겨울에 차 유리창이 안개가 끼는 것을 해결하기 위해 만든 차량 난방기입니다! 아침에 너무 추워서 차 유리창이 쉽게 안개가 끼면 더 이상 손을 사용하지 마세요. 그것은 운전 안전에 영향을 미치고, 보는 것이 어렵기 쉽습니다! 이 차량 난방기를 사용하면, 고급 차량이나 저급 차량이든, 흡연구에 꽂으면 사용할 수 있습니다! 흡盤이 달려 있어, 30초 만에 앞 유리창이 깨끗해집니다! 유리는 맑고 투명합니다! 바닥은 360도 회전할 수 있습니다! 그 난방 기능은 차내를 빠르게 따뜻하게 해주어, 에어컨을 켜지 않아도 차내가 따뜻합니다! 에어컨을 켜는 것보다 연료 절약이 더 좋습니다! 작고 휴대하기 편하며, 언제 어디서나 휴대할 수 있으며, 계기판에 놓으면 사용할 수 있습니다! 열풍과 냉풍의 두 가지 모드를 갖고 있어 편리하고 안심할 수 있습니다!",['어느 날 작은 차량용 온풍기가 이렇게 실용적인 기능을 할 수 있으리라고 누가 생각이나 했겠습니까!이것은 바로 겨울철 자동차 유리에 김이 서리는 것을 해결하기 위한 차량용 온풍기입니다!아침에 너무 추우면 차 유리에 김이 서리기 쉬우니 더 이상 손으로 닦지 마세요. 운전 안전에 영향을 줄 뿐만 아니라 잘 보이지 않습니다!이 차량용 온풍기로 고배차든 저배차든 담배꽁초만 꽂으면 바로 사용할 수 있습니다!빨판이 달려있어 계기판에 올려놓으면 30초면 앞유리가 깨끗해집니다!유리가 맑고 투명합니다!베이스는 360도 회전이 가능합니다!온풍 기능은 차 안까지 빠르게 가열시켜 에어컨을 켜지 않아도 차 안이 따뜻합니다!에어컨을 켜는 것보다 기름이 더 절약됩니다!작고 휴대가 간편해서 언제 어디서나 들고 다니시다가 카운터 위에 올려놓으시면 바로 사용하실 수 있습니다!온풍 냉풍 두 가지 모드가 있어 편리하고 걱정도 덜어요!']
"车载暖风机
既能除雾又能吹暖风
有了这个暖风机除雾器，冷天再也不怕车玻璃起雾了
不仅可以快速除雾，还能吹暖风，让车内暖和起来","차량용 난방기
안개 제거도 가능하고 따뜻한 바람도 불어줄 수 있다.
이 안개 제거기 있으면 추운 날씨에 차 유리 안개 걱정 없이","['차량용 온풍기\n안개도 걷어내고 따뜻한 바람도 쐬고 그래요.\n이 온풍기 김서림 제거기가 있으니, 추운 날은 더 이상 차 유리에 김이 서리는 것을 두려워하지 않게 되었습니다.\n김서림도 빨리 걷어내고 따뜻한 바람도 쐬어 차 안을 따뜻하게 해줍니다.']"
"冬季必备暖菜保温板
恒温速热、持久保温、安全防烫
天凉了，家里有个这样的暖菜板太实用了！
保温加热饭菜，再也不用担心饭菜凉了！","겨울 필수 보온판
항온속열, 장시간 보온, 안전한 데일링
추운 날이면 이런 보온판이 있으면 너무 편해요!
식사를 보온해서 더 이상 식사가 차게 되지 않아요!","['겨울 필수 난방 보온판\n항온속열, 보온지속, 화기안전방지\n날씨가 추워졌는데, 집에 이런 따뜻한 도마가 있어서 너무 실용적입니다!\n보온으로 음식을 데우면 더 이상 찬 걱정을 하지 않아도 됩니다!']"
冬天不想吃冷饭冷菜的，建议试试这个多功能暖菜板！做好的饭菜放在上面就会一直自动加热保温！不会像以前那样，老公下班回家晚了，饭菜都凉了！它插上电就能使用，加热速度特别快！加厚的钢化玻璃面板，脏了用抹布擦一下就干净了！平时还可以用它加热牛奶、茶、外卖，就连烘干衣服、袜子都很方便！以前家里做饭，饭没做好，菜就凉了！现在有了它，放上几个小时也不会凉了！老公晚上回家也能吃上热乎的饭菜了！早上用它热牛奶面包，下午用它暖个茶也很实用！天气越来越凉了，真的建议家家都备上一个！,"겨울에 찬 밥과 찬 반찬을 먹고 싶지 않다면 이 다기능 온식판을 사용해 보세요! 밥을 잘 해놓으면 자동으로 가열되고 보온이 가능합니다! 이전처럼 남편이 퇴근하고 집에 늦게 돌아와서 밥이 찬 것은 없습니다! 전기를 꽂으면 사용할 수 있고 가열 속도가 매우 빠릅니다! 두꺼운 강화 유리판으로, 더러워지면 닦아내면 깨끗해집니다! 평소에는 우유, 차, 배달 음식을 가열할 수도 있고, 옷, 양말을 말리기도 편리합니다! 이전에는 집에서 밥을 해서 밥이 잘 해지지 않으면 반찬이 찬 것이었습니다! 이제는 몇 시간 동안 놓아도 찬 것이 없습니다! 밤에 집에 돌아와도 따뜻한 밥을 먹을 수 있습니다! 아침에 이를 사용하여 우유 빵을 가열하고 오후에 이를 사용하여 차를 따뜻하게 해주면 매우 실용적입니다! 날씨가 점점 추워지니 정말 집집마다 하나씩 준비해 보세요!","['겨울에 찬밥 찬밥이 먹고 싶지 않다면, 이 다용도 도마를 추천합니다!완성된 음식을 위에 올리면 항상 자동으로 데워지고 보온됩니다!예전처럼 남편이 늦게 퇴근해서 음식이 다 식었을 리 없어요!그것은 전기를 꽂으면 사용할 수 있고 가열 속도가 매우 빠릅니다!두꺼워진 강화유리 패널은 더러워지면 행주로 닦으면 깨끗해집니다!평소 우유, 차, 배달음식을 데울 수 있고 옷, 양말까지 말리기에 편리합니다!예전에 집에서 밥을 하면 밥이 다 되지 않아서 반찬이 식었습니다!이제 그것이 있으면 몇 시간 놓아도 식지 않을 것입니다!남편은 저녁에 집에 가서도 따뜻한 음식을 먹을 수 있습니다!아침에는 우유식빵을 데우고, 오후에는 차를 데우는 것도 실용적입니다!날씨가 점점 쌀쌀해지고 있으니 집집마다 하나씩 챙기시길 정말 권합니다!']"
"多功能蒸煮一体电炒锅，炒菜，煮饭，涮火锅，都非常好用！
不沾锅，无油烟，易清洗，方便又环保！

终于找到了一款不用燃气灶也不用电磁炉的电炒锅！它是4升大容量的，亲朋聚会，七八口人一起涮火锅都没问题！内壁的不沾效果也特别好，无油煎蛋一点都不会粘！1500瓦的大功率，360度环状聚能加热设计，用它炒菜、炖菜又快加热又均匀！它有五大功能，煎、炒、炖、煮、蒸样样精通！使用起来特别安全，里热外凉不烫手！而且还有预约和定时功能，这样晚上设置好，早上就能多睡一会了！插电口在锅的手柄末端，清洗无需担心进水！自带大蒸笼，蒸海鲜、包子、馒头都没问题！上蒸下煮，实在是太方便了！","다기능 찜기와 전기 프라이팬, 볶기, 밥을 끓이고, 불고기를 끓이면 모두 매우 좋습니다!
기름이 묻지 않으며, 연기가 나지 않고, 세척이 용이하며, 편리하고 친환경적입니다!

마침 가스렌지도 전자레인지도 안 쓰는 전기 프라이팬을 찾았어요! 4L의 대용량으로 친지 모임, 7~8인분이 불고기를 끓이면 문제가 없습니다! 내벽의 비점성 효과도 뛰어나고, 기름 없이 계란을 지진다고도 달라붙지 않습니다! 1500W의 대출력, 360도 원형 집적열 가열 설계로, 이를 사용하여 음식을 볶고, 조리하면 가열이 빠르고 균일합니다! 다섯 가지 기능이 있으며, 지진, 볶기, 조리, 끓이기, 찜 등 모든 것을 잘 합니다! 사용 시 안전성이 뛰어나며, 안은 뜨겁고 밖은 시원하여 손을 타지 않습니다! 또한 예약 및 타이밍 기능이 있어, 저녁에 설정하면 아침에 잠을 더 자고 싶을 수 있습니다! 플러그가 프라이팬 손잡이 끝에 있어, 물이 들어가는 것을 걱정하지 않고 세척할 수 있습니다! 대형 찜통이 내장되어 있어, 해산물, 만두, 만두를 끓이면 문제가 없습니다! 찜과 끓이기, 정말 편리합니다!","['전기볶음밥솥, 볶음밥, 밥, 샤브샤브 등 다기능요리가 가능합니다!\n냄비에도 닿지 않고 기름연기도 없어 세탁이 쉽고 편리하고 친환경적입니다!\n\n드디어 가스레인지도 인덕션도 사용하지 않는 전기 프라이팬을 찾았습니다!4리터 대용량이라 친지 모임, 7~8인 가족 샤브샤브도 괜찮습니다!내벽에 묻어나지 않는 효과도 좋고 오일프리 오믈렛이 하나도 안 붙어요!1500와트의 고출력, 360도 고리형 에너지 가열 설계, 이를 사용하여 요리 및 찌개를 빠르고 균일하게 가열합니다!그것은 튀김, 볶음, 찜, 삶기, 찜의 5가지 기능을 가지고 있습니다!사용하기에 매우 안전하며, 속은 뜨겁고 속은 차갑고 손은 뜨겁지 않습니다!그리고 예약과 타임아웃 기능도 있어서 이렇게 밤에 세팅해놓으면 아침에 잠을 더 잘 수 있을 것 같아요!콘센트는 냄비의 손잡이 끝에 있으므로 물이 들어갈 염려 없이 세척하세요!큰 시루와 해산물 찐빵 찐빵 모두 문제없습니다!위로 찌고 아래로 삶으니, 정말 너무 편리합니다!']"
"男生不用化妆！
用一个素颜霜就可以了！
很自然的一款素颜霜
让你轻松变帅哥
出门上学上班用它就行了！
男生只要稍微打扮一下就很加分！","남자들은 화장을 안 해도 돼요!
바디로션 하나면 돼요!
자연스러운 바디로션
남자들이 멋지게 변신할 수 있게 해줘요
출근, 학교 다니기 위해 사용하세요!
남자들은 조금만 가발하면 더 멋지게 보이게 해줘요!",['남자 화장 안 해도 돼요!\n쌩얼크림 하나만 쓰시면 됩니다!\n내추럴한 민낯 크림\n편하게 잘생겨주는 남자\n학교나 출근할 때 쓰시면 됩니다!\n남자는 조금만 멋을 내도 가산점!']
"无线HDMI同屏器
无须下载软件！插入即可实时投屏！
手机、平板、电脑都能使用！
1080P高清画质
无延迟无卡顿
直播、运动、聊天、打游戏、教学全都能用！
老师必备！","무선 HDMI 동영상 전환기
소프트웨어 다운로드 필요 없이 바로 실시간 전환 가능!
휴대폰, 태블릿, 컴퓨터 모두 사용 가능!
1080P HD 화질
지연 없음,卡顿 없음
라이브, 운동, 채팅, 게임, 교육 모두 가능!
선생님 필수!","['무선 HDMI 동기\n어플 다운받을 필요 없습니다!꽂으면 바로바로바로!\n핸드폰, 태블릿, pc 모두 사용 가능합니다!\n1080P 고화질\n지연 없음, 끊김 없음\n생방송, 운동, 채팅, 게임, 수업 모두 가능합니다!\n선생님 필수!']"
"10米高的烟花灯
照亮整个村子","10미터 높이의 불꽃등
마을 전체를 밝히다",['10미터 높이의 불꽃등\n온 동네를 환히 비추다']
"原来富婆是这样化妆的
用这个就不需要用水、精华乳液和面霜了
直接涂这一层就可以了啊
然后用完之后皮肤特别的细嫩、特别水润
虫草灵芝贵妇膏
1瓶多效
一次搞定遮瑕、美白、保湿、抗皱
妆养合一
10秒上妆秒出门
水润不油腻，自然遮瑕
懒人必备的一款
可以直接代替水、代替精华、代替乳液、代替面霜
它是可以打造那种裸妆的感觉啊
用完之后一点厚重感都没有
口红可以不买，但是这个瞒着老公也要买
","원래 부인은 이렇게 화장을 했어요
이걸로 물, 에센스, 크림이 필요없어요
이걸로 바로 바르면 돼요
그리고 사용 후 피부가特别 부드럽고,特别 보습해요
삼베와 영지 부인 크림
1병 다용도
커버, 화이트닝, 보습, 주름 방지
메이크업과 케어를 한 번에
10초 메이크업 후 나갈 수 있어요
보습이 많고, 기름지지 않고, 자연스러운 커버
게으른 사람에게 필수템
물 대신, 에센스 대신, 크림 대신, 메이크업 크림 대신 사용할 수 있어요
이거는 날개 없는 메이크업을 연출할 수 있어요
사용 후 조금도 두꺼운 느낌이 없어요
립스틱은 사지 않아도 되지만, 이건 남편에게 숨겨서 사야 돼요","['원래 부잣집 할머니는 이렇게 화장을 하십니다.\n이거 쓰면 물이랑 에센스 로션이랑 크림이 필요 없어요.\n그냥 이 정도만 발라주시면 될 것 같아요.\n쓰고 나면 되게 부드럽고 촉촉해요.\n동충하초 영지 귀부고\n1병 멀티\n커버, 미백, 보습, 주름개선을 한번에\n메이크업과 몸매 가꾸기\n10초 분장하고 나가기\n촉촉하게 번들거리지 않고 자연스러운 커버\n게으름뱅이 머스트 해브 아이템\n물 대용, 에센스 대용, 로션 대용, 크림 대용으로 사용 가능\n누드 메이크업을 할 수 있는 그런 느낌이네요\n쓰고 나니까 묵직함이 하나도 없어요\n립스틱은 안 사도 되지만 이건 남편 몰래 사려고 해요.']"
"羊羔毛内里羽绒大衣
高端女士长款羽绒服
内里羊绒，外层羽绒，双重保暖
保暖透气，穿上不显臃肿
穿上后，温度立即升高10℃
保暖效果是普通羽绒服的三倍
羊毛材质，抗寒零下30度，不变形，不掉毛，不褪色
防风防水，24小时保温，抗寒-30度，5折抢购
既显瘦又不臃肿
90%纯鹅绒，非常保暖
充绒量高达90%，3倍保暖效果，零下30度都不冷
重量轻保暖效果好
热门品牌羽绒服，轻便保暖
今年最强防寒羽绒服
上身不臃肿，时尚超好搭配、秋冬必备外套","양털 안감 패딩
고급 여성 롱 패딩
안감 양털, 겉감 패딩, 이중 보온
보온 통기, 부풀리지 않게 입기
입으면 온도가 10℃ 상승
보온 효과가 일반 패딩의 3배
양털 소재, 영하 30도에 강함, 변형 없음, 털 빠짐 없음, 퇴색 없음
방풍 방수, 24시간 보온, 영하 -30도, 50% 할인
날씬해 보이고 부풀리지 않음
90% 순오리털, 매우 보온
기모량 90%, 3배 보온 효과, 영하 30도도 춥지 않음
가볍고 보온 효과 좋음
핫 브랜드 패딩, 가볍고 보온
올해 가장 강한 방한 패딩
부풀리지 않게 입기, 스타일리쉬하게 코디하기, 가을 겨울 필수 코트","['램스울 안감 패딩 코트\n프리미엄 여성 롱 패딩\n안감 캐시미어 겉감 다운 이중 보온\n보온과 통풍이 잘되어 부해 보이지 않는 옷차림\n착용 후 즉시 온도가 10℃ 상승\n보온 효과가 일반 패딩의 3배\n울 소재로 영하 30도 추위에 강하여 변형, 털 빠짐, 퇴색 없음\n방풍방수, 24시간 보온, 내한성 -30도 50% 세일\n날씬해 보이면서도 부해 보이지 않는\n90% 퓨어 구스다운으로 매우 따뜻하며\n캐시미어 90% 충전, 보온 3배 효과, 영하 30도까지 춥지 않음\n무게가 가볍고 보온성이 좋으며\n핫한 브랜드 패딩으로 가볍고 따뜻한\n올해 최강 방한 패딩\n상체가 부하지 않아 스타일리쉬하게 코디하기 좋으며 가을 겨울 필수 아우터']"
去了闺蜜家才知道，她从来不用手洗衣服的原因，就是用了这个超声波涡轮洗衣机！超声震动洗的干净又省电，底部自带吸盘，不管是放在盆里、桶里还是洗手池里，它立马变成一个洗衣机，360度全方位清洁衣物，比手洗更干净更方便！特别是家里经常洗宝宝衣服和懒人不爱洗内衣袜子的，这个就能很好解决你的烦恼！还能把臭袜子和内衣裤分开洗了，让你的贴身衣物更干净更卫生，简单方便又省时省力！把它放在厨房用来洗碗筷都没有问题，无需担心任何安全隐患，一个能用好几年！体积小，功率大，无论是居家在宿舍还是外出旅游，带上都能用，简直是懒人的福音，家家必备的好东西！,"친구 집에 가서 알게 된 것은, 그녀는 손으로 빨지 않는 이유가 바로 이 초음파 터보 세탁기 때문이다! 초음파 진동으로 세탁이 깨끗하고 전기 절약이 가능하며, 밑면에 흡착기가 있어 물통, 바구니, 세면대에 넣어도 세탁기가 되어 360도 전방위 청소가 가능하여 손세탁보다 깨끗하고 편리하다! 특히 아기 옷을 자주 빨고, 속옷과 양말을 잘 빨지 않는 집안에서는 이걸로 고민을 해결할 수 있다! 냄새나는 양말과 속옷을 분리하여 빨 수 있어, 몸에 밀착된 옷이 더 깨끗하고 위생적이며, 간단하고 편리하며 시간과 노력을 절약할 수 있다! 주방에 놓고 접시와 젓가락을 씻어도 문제가 없으며, 안전한 문제를 걱정할 필요가 없으며, 몇 년 동안 사용할 수 있다! 크기가 작고 출력이 크며, 집에서 기숙사에서 여행을 가든, 가지고 다니면 사용할 수 있어, 게으른 사람들의 복음이며, 집집마다 필수적인 좋은 물건이다!","['절친의 집에 가서 그녀가 손빨래를 전혀 하지 않는 이유가 바로 이 초음파 터보 세탁기를 사용했기 때문이라는 것을 알게 되었습니다.초음파 진동 세탁은 깨끗하고 전기를 절약합니다. 바닥에 빨판이 있습니다. 대야에 넣든, 통에 넣든, 세면대에 넣든, 그것은 즉시 세탁기가 됩니다. 360도 전방위적으로 옷을 청소합니다. 손빨래보다 더 깨끗하고 편리합니다!특히 집에서 아기 옷을 자주 빨거나 속옷과 양말을 잘 빨지 않는 게으름뱅이들의 고민이 해결됩니다!또한 냄새나는 양말과 속옷을 분리하여 세탁할 수 있으며, 당신의 몸에 붙는 옷을 더 깨끗하고 위생적으로 만들 수 있습니다. 간단하고 편리하며 시간과 힘을 절약할 수 있습니다!부엌에 놓고 설거지를 해도 문제없고, 어떤 안전 위험도 걱정할 필요가 없으며, 하나는 몇 년 동안 사용할 수 있습니다!부피가 작고, 파워가 크고, 집에서 기숙사에 있든 여행이든, 가지고 다니든 사용할 수 있습니다, 정말 게으른 사람의 복음입니다, 집집마다 꼭 필요한 좋은 물건입니다!']"
"迷你超声波涡轮洗衣器
超强功率，深层清洁
超声波涡轮清洗机，衣服袜子轻松洗干净！
洗衣服、洗碗都可以，干净卫生，省水省电","미니 초음파 터보 세탁기
초강력 파워, 깊은 청소
초음파 터보 세탁기, 옷과 양말을 쉽게 깨끗하게 세탁할 수 있어요!
옷 세탁, 식기 세척 모두 가능, 깨끗하고 위생적이며 물과 전기를 절약할 수 있습니다.","['미니 초음파 터보 세탁기\n강력한 파워, 딥 클렌징\n초음파 터보 세척기, 옷과 양말까지 시원하게 세탁!\n빨래와 설거지를 모두 할 수 있어 깨끗하고 위생적이며 물과 전기를 절약합니다.']"
这款无线吸尘器真的非常好用！我已经买了四次了，还送给了家人和朋友，大家都非常满意！它真的非常方便！因为是无线设计，所以可以随时随地清洁各种地方的灰尘！它还有多种刷头可以更好的清洁不同物品的表面！而且它的吸力非常强大！最新的升级版本还可以吹风，吸力和吹风一体化，非常实用！除了作为吸尘器外，它还可以充当真空泵、充气泵、风扇和吹风机，非常多功能！对于在家中或户外露营都非常方便！它还配备了大容量锂电池，一次充满电可以连续使用十五天！而且它非常轻巧方便携带，可以水洗清洁！如果你今天下单，还可以获得半价优惠！这是最后一天，所以赶快点击下方链接订购吧！,"이 무선 청소기는 정말 매우 좋아요! 이미 네 번 사고 가족과 친구들에게도 선물했는데, 모두 매우 만족해요! 정말 편해요! 무선으로 설계되어 있어서 언제 어디서나 먼지를 청소할 수 있어요! 다양한 물품의 표면을 더 잘 청소할 수 있도록 여러 가지 브러시 헤드가 있어요! 그리고 흡입력이 정말 강력해요! 최신 업그레이드 버전은 바람을 불어도 흡입력과 바람을 한 번에 사용할 수 있어 매우 실용적이에요! 청소기 외에도 진공 펌프, 공기 펌프, 선풍기,吹风기 등 다용도로 사용할 수 있어요! 집에서나 야외에서 캠핑하는 데 모두 편리해요! 또한 대용량 리튬 배터리가 장착되어 있어 한 번 충전하면 15일 동안 연속 사용할 수 있어요! 그리고 가볍고 휴대가 편리하며 물세탁이 가능해요! 오늘 주문하시면 반값 할인도 받을 수 있어요! 마지막 날이니 빨리 아래 링크를 클릭하여 구매하세요!","['이 무선 청소기는 정말 쓰기 좋습니다!벌써 네 번이나 구매해서 가족들이랑 친구들한테도 선물했는데 다들 너무 만족스러워요!그것은 정말 편리합니다!무선으로 설계되어 언제 어디서나 먼지를 청소할 수 있습니다!또한 다양한 브러쉬가 있어 다양한 물건의 표면을 더 잘 청소할 수 있습니다!그리고 흡입력이 매우 강합니다!최신 업그레이드 버전은 드라이, 흡입력 및 드라이 일체화도 가능하여 매우 실용적입니다!진공펌프, 에어펌프, 팬, 헤어드라이어 역할도 할 수 있는 청소기 외에도 다기능입니다!집 안이나 야외에서 캠핑하기에 아주 편리합니다!또한 대용량 리튬배터리를 장착하여 한 번 완충으로 15일 동안 연속 사용할 수 있습니다!또한 매우 가볍고 휴대가 간편하여 물세탁이 가능합니다!오늘 주문하시면 반값 할인도 받으실 수 있습니다!마지막 날이니까 빨리 아래 링크 눌러서 주문하세요!']"
"无色透明防水补漏胶，卫生间，阳台窗台外墙漏水，一刷快速补漏
干燥后形成透明无色保护膜，强力止漏，不影响美观！

这是一款纯透明的防水材料，施工简单，直接刷就行，哪里漏水刷哪里！它不是沥青，也不是传统乳液防水胶，无需搅拌和加热！窗台漏水，墙面渗水，阳台漏水，瓷砖缝隙渗水，卫生间漏水，家里漏水的地方直接刷上就行，不再需要其他的操作，就是这么简单！强力止漏！关键它是纯透明的，不会破坏原本的房屋外观，最大程度保留建筑外观！这是目前其他防水材料做不到的！它粘性好，耐高温，耐暴晒，抗老化，没有施工难度，打开直接刷，固化之后耐磨耐踩！刷一次，20年不漏水，夏天高温不开化，冬天低温不开裂！","무색 투명 방수 누수 접착제, 화장실, 발코니 창가 외벽 누수, 한번 문지르면 빠르게 누수 보수
건조 후 투명 무색 보호막이 형성되어 강력한 누수 방지, 미관에 영향을 주지 않습니다!

순수 투명 방수 소재로, 시공이 간단하고, 직접 문지르면 됩니다. 누수는 문지르면 됩니다! 아스팔트도 아니고, 전통 유제 방수 접착제도 아니고, 섞고 가열할 필요가 없습니다! 창가 누수, 벽면 침수, 발코니 누수, 타일 틈새 침수, 화장실 누수, 집에 누수되는 곳은 직접 문지르면 됩니다. 더 이상 다른 조작이 필요하지 않습니다. 강력한 누수 방지! 핵심은 순수 투명으로, 원래의 건물 외관을 파괴하지 않고, 건물 외관을 최대한 보존합니다! 현재 다른 방수 소재가 할 수 없는 것입니다! 접착력이 좋고, 내열성, 내광성, 내고화성, 내고화성, 시공이 어렵지 않으며, 열어 놓고 바로 문지르면 됩니다. 굳은 후 마모 및 밟기에 강합니다! 한 번 문지르면 20년 동안 누수하지 않습니다. 여름 고온으로 열화되지 않고, 겨울 저온으로 균열되지 않습니다!","['무색 투명 워터프루프, 화장실, 발코니 창틀 외벽 누수, 한 번에 빠른 누수 보정\n건조 후 투명한 무색 보호막을 형성하여 강력한 누수 방지 효과, 미관 손상 없음!\n\n이것은 순수하고 투명한 방수 재료로 시공이 간단합니다, 바로 닦으면 됩니다, 물이 새는 곳은 닦아야 합니다!아스팔트도 아니고, 기존 에멀젼 방수 접착제도 아니므로 섞고 가열할 필요가 없습니다!창틀 누수, 벽면 누수, 베란다 누수, 타일 틈새 누수, 화장실 누수, 집에 누수된 곳 바로 닦기, 다른 작업 필요 없이 간단!강력한 누출 방지! 관건은 순수 투명, 본래의 집의 외관을 파괴하지 않고 최대한 건물의 외관을 보존합니다!현재 다른 방수재로는 불가능합니다!그것은 우수한 점도, 고온 저항성, 자외선 저항성, 노화 방지, 시공 어려움 없음, 개봉 후 직접 브러시, 경화 후 내마모성 및 내디딤성이 있습니다!한 번 문지르면 20년 동안 물이 새지 않고, 여름에는 고온 미개화, 겨울에는 저온 미개화!']"
不得不承认，如今的科技是真的发达！谁能想到有一天喝咖啡奶茶都可以不用自己动手搅拌了！以前手动搅拌总是搅拌不均匀，还影响口感！现在有了这款神奇的自动搅拌杯，再也不用自己动手搅拌了！只要把冲泡的料包和开水倒入，轻轻一按就能自动搅拌，而且杯底没有任何结块和残渣！无论用它来搅拌咖啡奶粉，还是豆浆、谷物、药粉都可以！就连平时特别难冲的米糊、芝麻糊都可以轻松搅拌均匀！在办公室泡个咖啡也很方便！它还会自动清洗，只需倒进水，按一次搅拌就行了！它采用食品级304不锈钢内胆，搅拌动力强劲！双层设计，隔热防烫，还有保温功能！充一次电，可以用80次！家里有老人小孩的，一定要备上一个，冲泡饮品真的特别方便！,"당연히 인정해야 하는데, 지금의 기술은 정말 발달했다! 누가 한때 커피와 밀크티를 마시면 직접 손으로 휘저릴 필요가 없다는 것을 생각할 수 있을까!以前는 손으로 휘저릴 때 항상 불균일하게 휘저려서 맛에도 영향을 미쳤는데, 이제 이 신기한 자동 휘저리 컵이 있으니 더 이상 직접 손으로 휘저릴 필요가 없어요!만약 뿌리고 끓인 재료 패키지와 끓인 물을 넣으면, 가볍게 누르면 자동으로 휘저릴 수 있고, 컵 바닥에는 결이 없고 찌꺼기도 없습니다!커피 파우더, 콩물, 곡물, 약분을 휘저릴 때 사용할 수 있고, 평소에 특히 끓기 어려운 밥풀, 참깨물도 쉽게 균일하게 휘저릴 수 있어요!사무실에서 커피를 끓이기도 편해요!또한 자동으로 청소되며, 물을倒고 한 번 휘저려면 충분해요!식품급 304 스테인리스 스틸 내胆을 사용하여 휘저리 힘이 강해요!이중층 디자인으로 방열과 가열 방지, 보온 기능도 있어요!한 번 충전하면 80번 사용할 수 있어요!어르신과 어린이가 있는 집에 반드시 하나를 준비해야 해요, 음료를 끓이는 것이 정말 편해요!","['오늘날의 과학 기술은 정말 발달했다는 것을 인정하지 않을 수 없습니다!언젠가 커피 밀크티를 마실 때 직접 젓지 않아도 될 것이라고 누가 생각이나 했겠습니까!예전에는 수동으로 섞을 때 항상 골고루 섞이지 않아서 식감에도 영향을 미쳤어요!이제 이 신기한 자동 믹서 컵이 있으니, 더 이상 직접 믹서할 필요가 없습니다!불린 재료와 끓는 물을 붓고 살짝 누르면 저절로 저어가며 잔 밑바닥에 덩어리나 찌꺼기가 전혀 없습니다!커피 분유를 섞는 용도로도 두유, 곡물, 가루약으로도 좋습니다!평소 잘 끓이지 않는 쌀죽, 통깨죽까지 잘 섞어줍니다!사무실에서 커피 한 잔 타기도 편합니다!자동으로 세척도 되고 물을 부어 한 번 눌러서 섞기만 하면 됩니다!강력한 교반력으로 식품 등급 304 스테인리스 스틸 안감을 사용합니다.이중으로 디자인되어 단열과 열 차단에 보온 기능까지!한 번 충전으로 80번 사용 가능합니다!집에 노인과 어린이가 있는 경우 반드시 준비해야 합니다. 음료는 정말 편리합니다!']"
"磁力自动搅拌杯
一键启动，省时省力
可以自动搅拌的杯子，一键启动方便快捷
咖啡，奶粉，豆浆粉代餐粉等都可以搅拌","자기 자동 믹싱 컵
원터치 시작, 시간 절약, 힘 절약
자동 믹싱이 가능한 컵, 원터치 시작, 편리하고 빠른
커피, 우유, 콩가루, 대체식 가루 등 믹싱 가능","['마그네틱 오토믹싱컵\n원터치로 작동하여 시간과 힘을 절약합니다.\n자동으로 믹싱되는 컵으로 원터치로 간편하고 빠르게\n커피, 분유, 두유가루 식사대용 분말 등은 모두 섞을 수 있습니다.']"
微波炉公司慌了！这款黑科技恒温杯垫竟然只需要20秒就能把任何东西加热到55度！家里需要热菜热牛奶的，一定要买！和微波炉不同，它采用的是德国速热技术，表面是纯钢化晶板，任何杯型任何材质都可以放在上面加热到55度！不冷不烫，温度刚刚好！无论是陶瓷杯、玻璃杯还是易拉罐，都可以放上去加热！就连吃不完的馒头剩菜都可以放上去加热！有了它，随时随地都能吃上热东西！买微波炉的钱都省了！最关键的是，它还是重力感应开关，东西放上去就会自动加热，拿下来就会自动断电！使用起来安全又方便！家里、办公室各备一个，冬天再也不用喝凉东西了！今日我们厂家直销，下单就送精美礼盒，拿来送礼也超有面子！,"전자레인지 회사는 당황했습니다! 이 블랙테크놀로지恒温杯垫은 20초 만에 55도까지 anything을 가열할 수 있습니다! 집에서 따뜻한 음식과 따뜻한 우유가 필요하면 반드시 사야 합니다! 전자레인지와는 다르며, 독일의 빠른 가열 기술을 사용하고, 표면은 순수한 강화 유리판입니다. 어떤 컵 형태든 어떤 재질이든 55도까지 가열할 수 있습니다! 차가운 것도 뜨거운 것도 없고, 온도가 딱 좋습니다! 도자기 컵, 유리 컵, 캔 모두 가열할 수 있습니다! 먹지 못한 만두와剩菜도 가열할 수 있습니다! 이를 가지고 있으면 언제 어디서나 따뜻한 음식을 먹을 수 있습니다! 전자레인지 구매비를 절약합니다! 가장 중요한 것은, 그것은 여전히 중력 감지 스위치이며, 물건을 올리면 자동으로 가열되고, 물건을 빼면 자동으로 전원이 끊깁니다! 사용하기 안전하고 편리합니다! 집과 사무실에 각각 하나씩 준비하고, 겨울에 더 이상 차가운 음식을 마시지 않습니다! 오늘 우리는 공장에서 직매하고, 주문하면 예쁜 선물 상자를 보내주며, 선물을 주기에도 매우 멋스럽습니다!","['전자레인지 회사 당황!이 블랙테크 항온 컵받침은 뜻밖에도 20초 만에 모든 것을 55도까지 가열할 수 있습니다!집에 따뜻한 요리와 따뜻한 우유가 필요하니까 꼭 사자!전자레인지와 달리 독일식 급속 가열 기술로 표면이 순수한 강화 결정판으로 어떤 컵이든 어떤 재질이든 그 위에 올려놓고 55도까지 가열할 수 있습니다!춥지도 뜨겁지도 않고 온도가 딱 좋습니다!도자기 컵이든 유리컵이든 캔이든 올려서 데울 수 있습니다!다 먹지 못한 만두와 남은 음식까지 올려서 데울 수 있습니다!그것 덕분에 언제 어디서든 따뜻한 음식을 먹을 수 있습니다!전자레인지 살 돈도 아꼈어요!가장 중요한 것은 중력 센서 스위치이기도 합니다. 물건을 올리면 자동으로 가열되고, 꺼내면 자동으로 전원이 꺼집니다!안전하고 편리하게 사용하실 수 있습니다!집, 사무실에 하나씩 비치해두면 겨울에 더 이상 찬 음식을 마실 필요가 없습니다!오늘 우리 공장은 직판하여, 주문하면 아름다운 선물 상자를 보내 주는데, 선물을 가져다 주어도 매우 체면이 서요!']"
"油性原胶，耐高温材质，用途广泛
塑料，金属，木材，各种鞋子都可以粘！

再也别用普通胶水了！用一半扔一半！粘上之后发硬发白还很容易开胶！就是这个发明，还有很多人不知道它的存在！就是这个胶水，让我的家具焕然一新！油性配方，粘的牢固有韧性！它能粘铜、粘铝、粘塑料，粘上之后非常牢固！能粘软也能粘硬，粘上之后还很有弹性！鞋子开了胶，家具、地板损坏了，用它修补很方便！滴上几滴，对接好，耐心等待10秒就粘好了！植物油性原胶，粘完后柔软有韧性，经久不脱落！固化速度快，家里的各种物品都可以用它粘！它采用环保材料，无毒无害，也不用担心沾手！","오일성 원고무, 고온에 강한 소재로 용도가 다양하다.
플라스틱, 금속, 목재, 모든 신발에 붙일 수 있다!

더 이상 일반 접착제를 사용하지 마세요! 반은 버리세요! 접착 후 딱딱해지고 하얗게 변하고 접착제를 쉽게 열 수 있습니다! 이 발명은 많은 사람들이 그것의 존재를 모른다! 이 접착제로 가구를 새로 만들었습니다! 오일성 포뮬러로 접착이 견고하고 유연합니다! 구리, 알루미늄, 플라스틱을 접착할 수 있으며 접착 후 매우 견고합니다! 부드럽게도, 단단하게도 접착할 수 있으며 접착 후 탄력도 좋습니다! 신발 접착제가 열리고 가구, 바닥이 손상되면 이를 수리하기 편리합니다! 몇 방울을 떨어뜨리고 잘 맞추고 10초만 기다리면 접착이 됩니다! 식물성 오일성 원고무로 접착 후 부드럽고 유연하며 오래 떨어지지 않습니다! 경화 속도가 빠르고 집안의 모든 물품을 접착할 수 있습니다! 친환경 소재를 사용하여 무독 무해하며 손에 묻힐 걱정이 없습니다!","['유성 생고무로 고온에 강한 소재로 다양한 용도로 사용 가능\n플라스틱, 금속, 목재, 다양한 신발에 붙일 수 있습니다!\n\n다시는 일반 풀을 사용하지 마세요!반반으로 버리기!붙이면 뻣뻣하고 하얗게 되고 풀림도 쉽답니다!바로 이 발명품입니다, 그리고 많은 사람들이 그 존재를 모릅니다!바로 이 풀입니다, 제 가구를 새롭게 단장시켰습니다!지성 포뮬라로 끈적임 고유의 인성!그것은 구리, 알루미늄, 플라스틱을 붙일 수 있습니다. 붙이면 매우 단단합니다!쫀득쫀득하고 붙어도 탱글탱글!신발이 풀려서 가구와 바닥이 손상되었습니다. 그것으로 수선하는 것이 매우 편리합니다!몇 방울 떨어뜨려 도킹하고 10초만 기다리면 붙습니다!식물성 유성 생고무로 끈적임으로 끈적임과 끈적임이 오래도록 벗겨지지 않습니다!경화 속도가 빠르고 집안의 각종 물건을 그것으로 붙일 수 있습니다!친환경 소재로 독성이 없고 무해하며 손에 묻을 염려도 없습니다!']"
"有了这款免打孔伸缩晾衣杆，晾衣服可方便多了！
承重力强，晾衣服、挂窗帘、晒被子都没问题！

住的房子小，没有地方晾衣服的，可以装一个这样的伸缩晾衣杆！不仅免打孔安装，承重效果也特别好！洗完的衣服、床单都可以挂在上边晒太阳，干净又卫生！瞬间感觉家里空间大了很多！冬天的大棉被也不用搬去楼顶晒了！它是加厚加粗不锈钢材质，能伸长，能缩短！免打孔设计，不伤墙面！一拉一扭，两秒钟就安装好了！承重力超强，就算是200斤的胖子坐在上面也没有问题！无论是家里阳台、飘窗还是浴室厨房、衣柜都可以轻松安装！今天下单，全国包邮送到家，不满意直接退，来回运费我们承担，想买的朋友点击下方链接购买吧！","이 핀트 없는 신축 드라이클리너를 사용하면 옷을 말리기 더욱 편리해집니다!
무게를 견디는 힘이 강하여 옷을 말리거나 커튼을 걸어두거나 이불을 말릴 수 있습니다!

집이 작아 옷을 말릴 곳이 없다면 이런 신축 드라이클리너를 설치하세요! 핀트 없이 설치할 수 있고, 무게를 견디는 효과도 뛰어납니다! 세탁된 옷이나 베개는 햇볕에 말릴 수 있어 깨끗하고 위생적입니다! 순간적으로 집안이 넓어졌습니다! 겨울에 큰 솜털 이불을 지상에 말릴 필요가 없습니다! 도톰하고 두꺼운 스테인리스강 소재로 신축성과 축축성이 있습니다! 핀트 없이 설계되어 벽을 손상시키지 않습니다! 당기고 돌리면 2초 만에 설치됩니다! 무게를 견디는 힘이 매우 강하여 100kg의 비만이 앉아도 문제가 없습니다! 집의 베란다, 플로어윈도우, 욕실, 주방, 옷장 모두 쉽게 설치할 수 있습니다! 오늘 주문하시면 전국 무료 배송으로 집에 보내드립니다. 불만족시 바로 환불 가능하며, 왕복 운임은 저희가 부담합니다. 구매하실 분은 아래 링크를 클릭해 구매하세요!","['이 천공 없는 신축 건조대가 있으면 빨래를 널기가 훨씬 편리합니다!\n중력이 강해 빨래 건조, 커튼 달기, 이불 말리기에도 문제없습니다!\n\n사는 집이 좁아서 빨래를 널 곳이 없다면 이런 신축 건조대를 설치해도 됩니다!펀치 홀드 없이 장착할 수 있을 뿐만 아니라 하중 지지 효과도 뛰어납니다!세탁한 옷, 침대 시트를 모두 걸어놓고 햇볕을 쬐면 깨끗하고 위생적입니다!순간 집안에 공간이 많이 넓어진 느낌!겨울에 큰 솜이불도 옥상으로 옮겨서 말릴 필요가 없습니다!두꺼워지고 두꺼워진 스테인리스 스틸 소재로 늘어나며 짧아집니다!펀칭 프리 디자인으로 벽면 손상 없음!당기면 2초만에 설치됩니다!중력을 견디면 200근의 뚱보가 앉아도 문제없습니다!집 베란다, 창문날개는 물론 욕실 주방, 옷장까지 손쉽게 설치 가능합니다!오늘 주문, 전국 무료 배송, 마음에 들지 않으면 바로 반품, 왕복 배송비는 우리가 부담, 사고 싶은 친구는 아래 링크를 클릭하여 구매하십시오!']"
"3分钟修复掉发、发质受损、干燥、枯黄
从根源去修复 养发固发育发
深层滋养 加倍顺滑亮泽
生姜发膜 用一次就见效 无效退款","3분에 머리, 머리 손상, 건조, 갈색을 복구
근원에서 복구하여 머리 성장과 발모를 보강
깊이 영양 공급, 매끄럽고 윤기 있게
생강 헤어 마스크, 한 번 사용하면 효과, 효과 없으면 환불","['3분 탈모, 머릿결 손상, 건조, 누렇게 마름\n근원적으로 양모발육을 회복하다\n깊은 영양감으로 매끄러운 윤기를 배가\n생강 헤어팩 한 번 사용시 효과 무효 환불']"
"高颜值的南瓜微压锅，炖煮炒菜都能用
比普通的高压锅还好用，关键用来炒菜还不粘锅

家里人口多的，一定要备一口这款微压锅！不仅可以煲汤炖肉，还可以用来煎炒焖炖！它不仅比高压锅安全，还比普通锅更节省时间！七升的大容量，也是不挑各种食材，就连两只鸡都可以同时放进去！可视化的防爆玻璃盖，加上双耳卡扣的设计，锁住营养不外溢！独特的微压功能，可以加快炖煮的时间！开盖不用解压放气，是随时可以开盖添加食材调理的！8分钟左右炖鱼汤，炖出来的鱼汤又白又鲜！15分钟左右炖鸡汤，炖出来的鸡肉软烂脱骨！麦饭石不沾的内胆，不管是煎鱼还是炒菜一点都不沾！而且电磁炉还是煤气灶都能用！","고颜값을 지닌 호박 미압솥으로, 찌개와 볶음 모두 사용 가능
일반 고압솥보다 더 사용하기 좋으며,关键은 볶을 때 솥에 달라붙지 않는다

가족이 많으면 반드시 이 미압솥을 준비해야 한다! 찌개와 고기를 끓일 수 있을 뿐만 아니라, 튀기고 볶기도 가능하다! 고압솥보다 안전하고, 일반 솥보다 시간을 절약할 수 있다! 7리터의 대용량은 다양한 식재료를 선택할 수 있으며, 두 마리의 닭도 동시에 넣을 수 있다! 시각적으로 방폭 유리 덮개와 더블 이어 클립 디자인으로 영양을 잠그고 유출하지 않다! 독특한 미압 기능으로, 찌개를 더 빠르게 할 수 있다! 뚜껑을 열면 압축을 풀지 않고 공기를 방출하지 않으며, 언제든지 뚜껑을 열고 식재료를 추가하여 조리할 수 있다! 8분 정도면 물고기 수프를 끓일 수 있고, 끓인 물고기 수프는 하얗고 신선하다! 15분 정도면 닭고기를 끓일 수 있고, 끓인 닭고기는 부드럽고 뼈가 벗겨진다! 맥아飯石 내胆은 물고기를 튀기거나 볶을 때도 달라붙지 않는다! 그리고 전기레인지와 가스레인지 모두 사용 가능하다!","['비주얼 호박 프라이팬, 스튜와 볶음까지\n일반 압력솥보다 더 쓰기 쉬운데, 중요한 것은 볶을 때 써도 눌어붙지 않는 것입니다.\n\n식구가 많으니, 반드시 이 미압솥을 하나 준비해야 합니다!찌개를 끓일 수 있을 뿐만 아니라 전, 볶음, 찜으로도 사용 가능합니다!압력솥보다 안전할 뿐만 아니라 일반 냄비보다 시간도 절약됩니다!7리터의 대용량으로 다양한 재료를 가리지 않고 닭 두 마리까지 동시에 넣을 수 있습니다!시각화된 방폭 글라스 캡에 더블 이어 버클 디자인으로 영양을 채워줍니다!독특한 미압 기능으로 끓이는 시간을 빠르게!뚜껑을 열어서 공기를 빼지 않고 언제든지 뚜껑을 열고 재료를 넣어 조리할 수 있습니다!8분 정도 생선찌개를 끓이면 뽀얗고 싱싱한 생선찌개가 나옵니다!닭고기를 15분 정도 푹신푹신한 닭고기 수프를 끓여줍니다!맥반석 안 묻은 속, 생선전이나 볶음이나 하나도 안 묻어요!그리고 인덕션도 가스레인지도 다 쓸 수 있어요!']"
"水性铁锈转化剂
代替人工打磨除锈，将铁锈转化为底漆
可喷可涂刷，省时省力省人工

很多人可能第一次听说水性铁锈转化剂！这是一种水性涂装底漆，它可以与铁锈发生化学反应，形成一层黑色的防锈保护涂层！这样既转化掉了铁锈，形成的稳定混合物，牢固得覆盖在钢铁表面，阻断了钢铁表面与空气接触，达到了除锈、防锈、防腐的作用！代替人工打磨除锈，干了以后可以直接涂抹面漆或者涂料！这款水性铁锈转化剂有效降低了人工除锈成本，绿色环保，附着力十分强，大大延长了钢铁底材的使用寿命！它适用于彩钢瓦、钢架、钢筋、钢管等金属除锈！","수성 녹변 변환제
인공 마모를 대신하여 녹변을 바탕도료로 변환
분사 및 바르기 가능, 시간, 노동력, 인력을 절약

수성 녹변 변환제를 처음 듣는 사람도 많을 것이다! 수성 바탕도료로 녹변과 화학 반응을 일으키고 검은색의 방식보호층을 형성할 수 있다! 이렇게 녹변을 변환하고 안정된 혼합물을 형성하여 강철 표면에 견고하게 덮어 강철 표면과 공기 접촉을 차단하여 녹 제거, 녹 방지, 부식 방지의 효과를 달성한다! 인공 마모를 대신하여 녹 제거, 건조 후 바로 도료나 페인트를 바를 수 있다! 이 수성 녹변 변환제는 인력 녹 제거 비용을 효과적으로 절감하고 녹색 친환경적이며, 접착력이 매우 강하여 강철 바닥재의 사용 수명을 크게 연장시킨다! 강철 지붕, 강철, 철근, 강관 등 금속 녹 제거에 적합하다!","['수성녹전환제\n수동 연마 및 녹 제거 대신, 녹을 프라이머로 변환\n스프레이와 브러싱이 가능하여 시간과 노동력을 절약할 수 있습니다.\n\n수성 녹 전환제는 처음 들어보시는 분들 많을 텐데요!녹과 화학반응을 일으켜 검은색 방청 코팅층을 형성하는 수성 코팅 프라이머입니다!이렇게 하면 녹이 슬고 안정적인 혼합물이 형성되어 강철 표면을 단단히 덮고 강철 표면이 공기와 접촉하는 것을 차단하여 녹 제거, 방청 및 부식 방지 효과를 얻을 수 있습니다!손으로 다듬어 녹을 제거하는 대신 마른 후에는 바로 페이스트나 페인트를 칠할 수 있습니다!이 수성 녹 전환제는 수동 녹 제거 비용을 효과적으로 절감하고 환경 친화적이며 접착력이 매우 강하여 강철 기질의 수명을 크게 연장합니다!컬러 스틸 기와, 철골, 철근, 강관 등의 금속 녹 제거에 적합합니다!']"
"安装小能手，德国精工电动螺丝刀
可变形的电动螺丝刀，自带磁吸，超强动力
专业拧螺丝螺母，钻孔，只为家庭便捷设计
木板，墙面，瓷砖，轻松穿透",,"['미니어처, 독일 세이코 전동 드라이버 장착\n변형 가능한 전동 드라이버로 자체 마그네틱 흡착으로 강력한 동력\n프로페셔널 스크류 너트, 드릴링, 가정의 편의를 위한 디자인\n널빤지, 벽면, 타일로 가볍게 뚫기']"
赶紧把你家各种螺丝刀都扔了吧！现在你只需要有这样一套万能电动工具就行了！不管是什么样的犄角旮旯，一秒可以拧进各种螺丝！平时两个小时干完的活，有了它十分钟就能搞定！不管是墙面，瓷砖，木板，换上钻头就能轻松穿透！好的电动螺丝刀不是看它转速有多快，而是看它扭矩有多大！也就是俗话说的，劲大，扭矩不够，速度不快，反而会把螺丝拧坏！这款电动螺丝刀，最大5牛米的扭矩，螺丝拧得紧，就连女孩子也能轻松拼家具，除了常见的十字和一字刀，少见的六角头软管等披头，应有尽有！采用德国精工锰钢刀头，不管是钢板，石头，木材，塑料，通通都可以轻松穿过去，而且超长续航，充一次电可以连续使用15个小时！,"빨리 집에 있는 모든 드라이버를 버리세요! 이제 이런 만능 전동 공구만 있으면 됩니다! 어떤 곳이든 1초에 다양한 나사들을 돌릴 수 있습니다! 평소에 2시간 걸리는 일은 이를 가지고 10분만 하면 됩니다! 벽면, 타일, 목재, 드릴을 바꿔도 쉽게 관통할 수 있습니다! 좋은 전동 드라이버는 속도가 얼마나 빠르지 않고, 토크가 얼마나 큰지 보는 것이 아니라!俗话说的, 힘은 크지만, 토크가 부족하고, 속도가 느리면, 오히려 나사를 고칠 수 있습니다! 이 전동 드라이버는 최대 5牛米의 토크로 나사를 꽉 조이면, 여자도 가구를 쉽게 조립할 수 있습니다. 일반적인 십자와 일자칼을 포함하여 드물게 볼 수 있는 육각 헤드 소프트 파이프 등이 모두 있습니다! 독일 정교 망간강 칼날을 사용하여, 철판, 돌, 목재, 플라스틱 등은 모두 쉽게 관통할 수 있으며, 초장시간 배터리寿命으로, 한 번 충전하면 15시간 연속 사용할 수 있습니다!","['빨리 당신 집의 각종 드라이버를 모두 버리세요!이제 당신은 이런 만능 전동 공구 한 세트만 있으면 됩니다!어떤 구석구석이든 1초에 여러 가지 나사를 조일 수 있습니다!평소에 두 시간에 끝내던 일을 그것이 있으면 10분이면 끝낼 수 있습니다!벽면, 타일, 널빤지에 상관없이 드릴로 갈아 끼우면 쉽게 뚫립니다!좋은 전동 드라이버는 회전 속도가 얼마나 빠른지가 아니라 토크가 얼마나 큰지에 달려 있습니다!즉, 힘이 세면 토크가 부족하고 속도가 빠르지 않으면 나사가 오히려 꼬인다는 말이 있습니다!최대 5뉴미터의 토크와 나사를 꽉 조여 여자아이들도 쉽게 가구를 조립할 수 있는 전동 드라이버로 흔한 십자형 일자칼, 보기 드문 육각 헤드 호스 등 모든 것을 갖추고 있습니다!독일 세이코 망간 스틸 헤드를 사용하여 강판, 돌, 목재, 플라스틱, 모두 쉽게 통과할 수 있으며, 긴 항속 주행으로 한 번 충전으로 15시간 연속 사용 가능!']"
"经常吃大蒜的一定要试试这个压蒜神器！
大蒜轻轻一压就成蒜泥，方便省力好清洗！

别再费力的剁蒜泥了！试试这款压蒜神器！把大蒜放在下面，轻轻一压蒜泥就出来了！不辣眼睛不伤手！有了它，做蒜泥根本不需要用刀去拍、去剁，轻轻一压就能压出蒜泥。食品级不锈钢材质不易生锈，用完后清水一冲就干净了！","마늘을 자주 먹는 사람들은 꼭 이 마늘압축기를 사용해 보세요!
마늘을 가볍게 눌러 마늘가루가 되어, 세척이 간편하고 힘을 절약할 수 있습니다!

더 이상 힘들게 마늘가루를 잘라주세요! 이 마늘압축기를 사용해 보세요! 마늘을 밑에 놓고 가볍게 눌러 마늘가루가 나옵니다! 눈에 따끔따끔하지 않고 손도 다치지 않습니다! 이걸로 마늘가루를 만들 때 칼로 찍거나 다지지 않아도 가볍게 눌러 마늘가루를 낼 수 있습니다. 식품급 스테인리스강 소재로 녹슬지 않으며 사용 후 물로 씻어내면 깨끗해집니다!",['마늘을 자주 드신다면 이 마늘 압착기를 꼭 사용해 보세요!\n마늘은 가볍게 눌러도 잘게 다져져서 씻기 편합니다!\n\n더 이상 간 마늘을 애써 다지지 마세요!이 마늘 압착기를 사용해 보세요!마늘을 밑에다 놓고 간 마늘을 살짝 눌러주면 나옵니다!안 맵고 손 안 다쳐요!그것이 있으면 다진 마늘을 만들기 위해 칼로 두드리거나 다질 필요가 없으며 부드럽게 눌러도 다진 마늘을 압출할 수 있습니다.식품용 스테인리스 스틸 소재는 녹슬지 않고 사용 후 물로 헹구면 깨끗합니다!']
"无线锂电鼓风机
超强动力，吹吸两用
高功率吹吸两用鼓风机，大容量锂电池，动力强劲
吹灰/吹雪/除尘，多场景适用

新升级大功率锂电吹风机专为养车清灰而生！风力强劲，清灰彻底，效率非常高！这款风机整体采用加厚材质打造，更加结实耐用！德国纯铜电机，吹吸两用，动力十足！有了它无论多脏的滤芯除尘都可以分分钟搞定！方便实用效率高！搭配大容量高性能锂电池，除尘不仅毫无距离限制，走到哪里吹哪里，而且续航能力超强！完美解决了普通风机需要接线，拉线，吹不到，有距离限制的问题！它体积更小，方便收纳和使用！这么好用的一款吹吸两用大功率风机，今天工厂直销搞活动，不仅包邮还加送一套专用的吸尘套装！","무선 리튬 전지 드럼 팬
초강력 동력, 불기와 흡기 겸용
고출력 불기와 흡기 겸용 드럼 팬, 대용량 리튬 배터리, 강력한 동력
불기/눈부시기/먼지 제거, 다양한 장면에 적합

새롭게 업그레이드된 고출력 리튬 전지 드럼吹风기, 차량 청소용! 강력한 바람, 먼지 제거 완료, 효율이 매우 높다! 이 드럼吹风기는 전반적으로 두꺼운 재질로 제작되어 더욱 견고하고 내구성이 높다! 독일 순동 전동기, 불기와 흡기 겸용, 강력한 동력! 이걸로 더러운 필터를 분무할 수 있다! 편리하고 실용적이며 효율이 높다! 대용량 고성능 리튬 전지 배터리와 함께 사용하면 먼지 제거에 거리가 한계가 없으며 어디에 가든 불어도, 배터리 수명이 매우 뛰어나다! 일반 드럼吹风기가 배선, 줄 당기기, 불기 불 수 있는 문제를 완벽하게 해결한다! 그 크기가 더 작아 수납과 사용이 편리하다! 이렇게 좋은 불기와 흡기 겸용 고출력 드럼吹风기를 오늘 공장 직매 행사로, 무료 배송 외에専用吸尘 세트를 추가로 증정한다!","['무선리튬전지송풍기\n초강력 파워 블로잉 투웨이\n고출력 취입 겸용 송풍기, 대용량 리튬배터리, 강력한 동력\n먼지 불기\\/눈 불기\\/먼지제거, 멀티 장면 적용\n\n새로 업그레이드된 고출력 리튬 전기 헤어드라이어는 오로지 차량 유지 관리를 위해 탄생합니다!바람이 강하고 먼지가 깨끗하며 효율이 매우 높습니다!이 팬은 전체적으로 두꺼워진 재질로 되어 있어 더욱 튼튼하고 내구성이 좋습니다!독일 순수 구리 모터, 취입 겸용, 파워풀!그것이 있으면 아무리 더러운 필터라도 먼지를 분 단위로 제거할 수 있습니다!편리하고 실용적이며 효율적입니다!대용량 고성능 리튬배터리를 배합하면 먼지를 제거하는 데 거리 제한이 없을 뿐만 아니라 가는 곳마다 불어날 뿐만 아니라 항속력도 매우 강합니다!일반 송풍기는 배선, 코드 인출, 불 수 없음, 거리 제한이 필요한 문제를 완벽하게 해결했습니다!부피가 더 작아 수납과 사용이 편리합니다!이렇게 사용하기 좋은 흡입 겸용 고출력 송풍기는 오늘 공장에서 직거래 행사를 하는데, 무료배송 뿐만 아니라 전용 청소 세트도 함께 드립니다!']"
"人气产品，浓密眉毛增长液
7天内眉毛增长高达40%!
纯天然麻油提取精华，
唤醒眉毛，二次发育，养出真眉毛
睫毛眉毛头发都可用
用完一支后就有明显效果","인기 제품, 빽빽한 눈썹 성장액
7일 이내 눈썹 성장 40%!
순천연 마유 추출 에센스,
눈썹을 깨우고, 2차 발육, 진 眼썹을 키움
속눈썹, 눈썹, 머리카락 모두 사용 가능
한 번 사용하면 뚜렷한 효과","['인기 제품, 풍성한 눈썹 성장액\n7일 만에 눈썹 40% 성장!\n천연 마유 추출 에센스,\n눈썹을 깨워주고 2차 발육으로 진짜 눈썹 만들기\n속눈썹, 눈썹, 머리카락 다 쓸 수 있어요.\n한 개만 쓰면 바로 효과가 나타납니다.']"
"派对神器
新年爆竹烟花泡泡机
超好玩！
内置闪光灯
1秒打1000个泡泡
大人小孩都可以玩。
很适合节日/夜晚/派对。
前 500 个订单免费送货。","파티 신기
신년 불꽃 연기 거품 기계
매우 재미있어요!
내장 플래시
1초에 1000개의 거품
어른과 아이 모두 즐길 수 있어요.
절기/야간/파티에 딱 적합해요.
첫 500건 무료 배송",['파티신기\n새해 폭죽 불꽃 거품기\n완전 재미있어요!\n내장 플래시\n1초에 1000개의 버블링\n어른 아이 할 것 없이 놀 수 있습니다.\n명절\\/밤\\/파티에 잘 어울립니다.\n상위 500개 주문건은 무료배송입니다.']
"静脉曲张喷雾剂
不手术 不吃药
一喷见效 永不复发
限时包邮","정맥류 스프레이
수술 없이 약도 먹지 않음
스프레이 한 번으로 효과, 재발 없음
한시적 무료 배송",['정맥류 스프레이\n수술도 안 하고 약도 안 먹어요.\n한 번 내뿜으면 영원히 재발하지 않음\n기한부 무료배송']
"迷你便携高压打气筒
高压速充，脚踩不弯腰
不费力气
轻松充满整条轮胎
精准指针，实时测压，方便观看数据
快速折叠，自行车、电动车都能装下
及时补充胎压，避免拖车麻烦","미니 휴대용 고압 공기 펌프
고압 속전속결, 무릎을 굽히지 않고
힘을 들이지 않고
타이어를 쉽게 가득 채우기
정확한 지침, 실시간 압력 측정, 데이터를 쉽게 확인하기
빠르게 접이, 자전거, 전기자전거 모두 수납 가능
타이어 압력을 적시에 보충하여 끌리는 번거로움을 피하기","['미니 휴대용 고압 펌프\n고압 급속 충전으로 발을 헛디뎌도 허리가 구부러지지 않음\n거추장스레\n가볍게 풀바디 타이어\n정확한 포인터, 실시간 압력 측정으로 데이터 보기 편함\n빠르게 접으면 자전거·전기차 모두 실을 수 있습니다.\n제때에 타이어 압력을 보충하여, 트레일러의 번거로움을 피하다.']"
"我家10年老房子
每天都干净亮堂的原因……","집은 10년된 오래된 집
매일 깨끗하고 밝은 이유는……",['우리 집 10년 묵은 집\n매일이 깨끗하고 환한 이유는……']
"后视镜手机支架，看导航太方便了！
稳固不掉落，还不会遮挡视线！

东西好不好，只有用过才知道！大家看一下我最近新买的手机支架，有了它，开车出门看手机导航方便多了！它跟传统手机支架有很大区别！它是夹在后视镜上的，横屏竖屏都可以用，而且还可以上下左右任意调节！主驾驶看导航不用低头，扭转向副驾驶还可以追剧看电影！用来记录沿途风景也非常方便！加厚硅胶夹臂，多角度固定，不会损伤后视镜！适用于所有车型，无论路面怎么颠簸都不会掉！不用的时候还可以隐藏起来，不占地方！价钱也不贵，需要的朋友点击下方链接购买吧！","후미거울 휴대폰 거치대, 내비게이션 보는 게 너무 편해요!
안정적이고 떨어지지 않고 시야를 가리지 않아요!

물건이 좋고 안 좋다는 건 사용해 보는 것밖에 없어요! 저는 최근에 사온 휴대폰 거치대를 보세요. 이거 있으면 차를 타고 나서 휴대폰 내비게이션 보는 게 편해요! 전통적인 휴대폰 거치대와는 크게 다르죠! 후미거울에 끼우면 가로세로로 사용할 수 있고, 위아래로 자유자재로 조절할 수 있어요! 주조종자는 내비게이션 보는 데 고개를 숙이지 않아도 되고,副驾驶이면 드라마를 보거나 영화를 보는 것도 가능해요! 경로의 풍경을 기록하는 데도 매우 편리해요! 두꺼운 실리콘 클램프, 다각도 고정, 후미거울 손상 방지! 모든 차종에 적용 가능, 어떤 길이든 떨어지지 않아요! 사용하지 않을 때는 숨길 수 있어 공간을 차지하지 않아요! 가격도 비싸지 않아 필요한 분들은 아래 링크를 클릭해 구매하세요!","['백미러 휴대폰 거치대, 내비게이션을 보는 것이 너무 편리합니다!\n떨어지지 않고 시야가 가려지지 않습니다!\n\n물건의 좋고 나쁨은 써봐야 압니다!여러분, 제가 최근에 새로 산 핸드폰 거치대를 보세요, 그것이 있으면, 차를 몰고 외출할 때 핸드폰 내비게이션을 보는 것이 훨씬 편리합니다!그것은 전통적인 휴대폰 거치대와 매우 다릅니다!사이드미러에 끼워져 있어서 가로 세로 모두 사용가능하고 상하좌우 모두 조절이 가능합니다!운전자는 내비게이션을 볼 때 고개를 숙일 필요가 없고, 조수석은 조수석을 돌려 드라마를 보고 영화를 볼 수 있습니다!연도의 풍경을 담기에도 아주 편리합니다!실리콘 클램프를 두껍게 하여 다각도로 고정시켜 백미러 손상없이!전 차종에 적용되며 노면이 아무리 흔들려도 떨어지지 않습니다!사용하지 않을 때는 공간을 차지하지 않고 숨길 수도 있습니다!가격도 비싸지 않으니 필요한 분들은 아래 링크를 클릭해서 구매하세요!']"
"这小东西真神奇！
我们家用了以后，
几乎不再需要刷马桶了！
拉绳设计，使用方便不脏手
只需要将它放进马桶水箱
清洁剂会自动溶解在水里
每次冲水都会自动清洁，
去污防臭效果非常好
还能带来清新的香气。
一个能用三个月。
使用这款小恐龙马桶洁厕宝
基本可以告别刷马桶的烦恼","이 작은 것은 정말 신기해요!
우리 집에서 사용한 후,
장난감이 거의 필요하지 않아요!
끈을 당겨서 사용하기 편하고 손이 더러워지지 않아요.
화장실 물탱크에 넣으면 돼요.
세정제는 물에 자동으로 녹아들어요.
각각 물을 뿌리면 자동으로 청소되며,
탈취 및 냄새 방지 효과가 뛰어나요.
신선한 향기를 선사해요.
한 개는 3개월 동안 사용할 수 있어요.
이 작은恐龙 화장실 청소제를 사용하면
장난감을 사용하는 고민을 거의 없을 수 있어요.","['이 작은 물건은 정말 신기합니다!\n우리 가족이 사용한 후,\n변기를 닦을 필요가 거의 없어졌습니다!\n스트링 끈 디자인으로 손이 더러워지지 않고 편리하게 사용\n변기 물탱크에 넣으면 됩니다\n세제는 자동으로 물에 녹아요\n물을 내릴 때마다 자동으로 청소됩니다.\n오염제거 및 악취방지 효과가 매우 우수합니다.\n상큼한 향도 가져다 줍니다.\n하나는 3개월 동안 사용할 수 있습니다.\n이 아기공룡 변기 세안기를 사용해서\n변기 닦는 고민은 거의 다 씻을 수 있습니다.']"
"不想每天刷马桶，还想保持干净清爽的，试试这款!!
日本家家户户都在使用。
清香除垢蓝泡泡洁厕宝，不沾手，消毒环保。
告别手刷,持久清洁 长效呵护！","매일 변기를 씻고 싶지 않아도 깨끗하고 산뜻하게 유지하고 싶다면 이 제품을 사용해 보세요!
일본 가정에서 모두 사용하고 있습니다.
청향제거 블루 거품 화장실 세정제, 손에 묻지 않고 소독, 친환경입니다.
손으로 닦는 것을 그만두고 오래 지속되는 청결과 오래 지속되는 케어!",['매일 변기 닦는거 말고 깨끗하고 산뜻하게 유지하고 싶은데 이걸로 한번 써보세요!!\n일본은 집집마다 사용하고 있습니다.\n향긋한 노폐물 제거 블루 버블 화장실로 손에 묻히지 않고 소독 및 환경 친화적입니다.\n핸드브러쉬와 헤어지고 오래오래 클렌징!']
"皱纹越来越多？
人老脸先老，不要让满脸皱纹暴露了你的年龄
抗老精华液
【早C晚A】日夜养护
减纹 抗老 美白 透亮","주름이 점점 많아지나요?
인생은 얼굴이 먼저 늙어, 얼굴에 주름이 많아도 나이가 드는 것을 드러내지 마세요.
항노화 에센스
[조 C, 조 A] 24시간 케어
주름 감소, 항노화, 화이트닝, 투명감","['주름이 점점 많아지는?\n얼굴이 늙으면 얼굴이 먼저 늙으니, 온 얼굴의 주름살이 나이를 노출시키지 마시오.\n안티에이징 에센스\n[아침 C 저녁 A] 밤낮으로 케어\n안티에이징 브라이트닝']"
"无论是高矮胖瘦，有钱还是没钱，只要你的背挺直了，你的气质一下就提升上来了！
驼背的朋友一定要试试这款矫正带！
背部拉伸设计，自由调节松紧程度，任何体型都适用！
轻薄透气不闷热，穿上隐形舒适
上班、上学、做家务、玩手机，走到哪穿到哪
时刻帮你挺拔背部！
7天告别驼背困扰
男人穿了更魁梧
女人穿了更有气质
连续穿上一星期，你一定会回来感谢我
限时促销！
成人防驼背X型背部矫正带
让你远离驼背，更有气质更有魅力！","키가 크고 작고, 돈이 있거나 없거나, 다만 당신의 등이 곧게 서면 당신의 기질이 한층 높아집니다!
낙타등이 있는 친구는 꼭 이 교정띠를 시도하세요!
등을 스트레칭한 디자인으로 자유롭게 조절할 수 있어, 모든 체형에 적합합니다!
가볍고 통기성이 좋으며 답답하지 않아, 착용감이 편안합니다.
직장, 학교, 집안일, 휴대폰 사용, 어디에 가든 착용하세요.
항상 당신의 등이 곧게 서도록 도와줍니다!
7일 동안 낙타등의 고통을 이겨냅니다.
남자는 더 거대해 보이고
여자는 더 기질이 있어 보입니다.
일주일 동안 계속 착용하면, 당신은 반드시 고맙다는 말을 전할 것입니다.
한시적인 프로모션!
성인용 낙타등 방지 X형 등 교정띠
낙타등을 멀리하고, 기질과 매력을 더합니다!","['키가 크든 작든, 돈이 있든 없든, 당신의 등이 곧으면, 당신의 기질은 단번에 향상됩니다!\n등이 굽은 분은 이 교정대를 꼭 착용해 보세요!\n등쪽 스트레치 디자인으로 신축성 조절이 자유로워 체형에 구애받지 않습니다!\n가볍고 통기성이 좋아 덥지 않고 투명하게 착용 가능\n출근, 학교, 집안일, 핸드폰 등 어딜 가나 입고 다닙니다.\n항상 등을 곧게 펴드릴게요!\n7일간의 혹등앓이 끝\n남자가 입으니 더 우람하리만치\n여자가 입으면 더 기품이 나\n일주일 내내 입으면 꼭 돌아와 내게 감사하는\n타임세일!\n성인 낙타방지 등 X자형 등받이 벨트\n구부러진 등을 멀리하고 더 기품 있고 더 매력적이게 하라!']"
冬天快到了还没买羽绒服？试试这款羽绒服套装！上衣采用500g的100%白鹅绒填充，轻盈又保暖！保暖力度是Canada Goose的3倍，并且还不会臃肿显胖，冬天穿这一件就够了，在零下10摄氏度的天气也不会觉得冷！长裤100%纯棉，高弹性不勒裆，高腰线显腿长，视觉增高五厘米，3D剪裁，更加高级，穿上身很有档次。一身已经给您搭配好了，可以直接穿出门，酷帅有型。一般在北欧线下专柜才有卖，价格也很贵！现在厂家为了进入美国市场，限时开放了60%的折扣力度，羽绒服+运动裤仅需66美元！可机洗，不会变形漏毛，50kg到100kg的身材都能穿。最后200件，现在点击下方链接购买，抢到就赚大了！,"겨울이 다가오는데羽绒코트를 사지 않았나요? 이羽绒코트 세트를 시도해 보세요! 상의는 500g의 100% 백조털로 가볍고 따뜻합니다! 캐나다 고즈의 3배의 보온력으로 비대해 보이지 않고 겨울에 이 옷만 입으면 -10도 날씨에도 추위를 느끼지 않습니다! 바지는 100% 순면으로 신축성이 뛰어나서 엉덩이를 조이지 않고 하이웨스트라인으로 다리가 길어 보이고 5cm 키가 커 보이며 3D 커팅으로 더욱 고급스럽고 입으면 고급스러워 보입니다. 이미 코디가 완성되어 있습니다. 바로 입고 나가면 멋스럽고 멋스럽습니다. 일반적으로 북유럽 오프라인 매장에서만 판매되며 가격도 비쌀 수 있습니다! 현재 제조업체는 미국 시장 진출을 위해 60% 할인을 한 시간 동안 열어 놓았으며羽绒코트+스포츠 팬츠는 66달러만에 얻을 수 있습니다! 세탁기 세탁이 가능하고 변형이나 털이 새지 않으며 50kg에서 100kg의 체형 모두 착용 가능합니다. 마지막 200벌, 지금 아래 링크를 클릭하여 구매하면 큰 이익을 얻을 수 있습니다!","['겨울이 다 되어 가는데 패딩을 아직 사지 않았습니까?이 패딩 세트로 입어보세요!몸판은 500g 화이트 구스다운 100% 충전으로 가볍고 따뜻합니다!카나다구스보다 3배나 보온력이 뛰어나고 부해 보이지도 않아 겨울에 입으면 충분하며 영하 10도 날씨에도 춥지 않습니다!슬랙스 100% 순면 팬츠에 고탄성, 하이웨이스트 라인으로 다리가 길어 보이고 5센티 키높이 3D컷팅으로 더욱 고급스러우며 상체가 고급스럽습니다.코디해 드렸으니 바로 입고 나가셔도 멋스럽습니다.보통 북유럽 오프라인 매장에서만 판매하는데 가격도 비쌉니다!현재 제조사는 미국 시장 진출을 위해 60% 할인율을 한시적으로 개방하고 있으며 패딩+트레이닝 바지는 66달러입니다!기계세탁이 가능하여 변형이나 누모 없이 50kg부터 100kg의 몸매까지 착용 가능합니다.마지막 200벌, 지금 아래 링크 클릭해서 구매하시면, 뺏으면 대박입니다!']"
"60%off!!羽绒服+运动裤仅需66美元!
白鹅绒羽绒服套装
采用500g的100%白鹅绒填充，轻盈又保暖
保暖力度是Canada Goose的3倍
零下20摄氏度的天气也不会觉得冷
长裤100%纯棉，高弹性不勒裆
3D剪裁，更加高级，视觉增高五厘米
一身已经给您搭配好了，可以直接穿出门
最后200件！点击下方链接即可购买

冬天快到了还没买羽绒服？试试这款比Canada Goose还要暖和的羽绒服套装！","60% 할인!! 패딩+스포츠 팬츠 66달러!
화이트 거위털 패딩 세트
500g의 100% 화이트 거위털로 가볍고 따뜻함
캐나다 고즈의 3배의 보온력
미니미스 20도의 날씨도 추위를 느끼지 않음
롱 팬츠 100% 순면으로 신축성이 뛰어나서 엉덩이 조임 없음
3D 커팅으로 더욱 고급스럽고 5cm 키높이 효과
한 벌이 완성되어 있습니다. 바로 입고 나가세요
마지막 200벌! 아래 링크 클릭하시면 구매 가능합니다.

겨울이 다가오는데 패딩을 사지 않았나요? 캐나다 고즈보다 따뜻한 이 패딩 세트를 시도해 보세요!",['60%off!!패딩+트레이닝 바지는 66달러 밖에 안 합니다!\n화이트 구스다운 세트\n500g의 화이트 구스다운 100% 충전으로 가볍고 따뜻함\n카나다 구스보다 보온력이 3배.\n영하 20도 안 추울 듯\n팬츠 면 100% 고탄성 밑위 안감\n3D컷팅으로 한층 고급스러워진 5센티 키높이\n한 몸에 코디해 드렸으니 바로 입고 나가셔도 됩니다.\n마지막 200벌!아래 링크를 클릭하시면 구매하실 수 있습니다\n\n겨울이 다 되어 가는데 패딩을 아직 사지 않았습니까?카나다 구스보다 따뜻한 패딩 슈트를 입어보세요!']
"厨房有了这个沥水垫，洗完碗筷台面再也不会到处是水了
碗筷沥干后放在橱柜，干净卫生

这个东西叫硅藻泥沥水垫！把它放在水槽边，洗好的碗盘、餐具和菜板顺手就可以放在上面沥水！以前洗好的碗放在橱柜台面上，台面总是湿漉漉的！这个垫子底部是科技皮革，只吸水不漏水！碗筷洗好可以直接放在上面沥干！平时在上面倒水泡茶也不会把台面弄湿！切菜时，垫在砧板下面还能防滑！硅藻泥材质，吸水性很好！橱柜台面再也不会湿漉漉！碗筷沥干后放在橱柜，干净卫生！把它放在菜板下面，既防滑又隔音！不但可以沥水还可以当餐桌和茶几的隔热垫！一物多用，真的很不错！快给你家厨房也放上几块吧！","주방에 이 물빠짐 매트가 있으면, 접시와 젓가락을 씻은 후 더 이상 물이 여기저기 흘러나오지 않습니다.
접시와 젓가락을 물빠짐 후 주방장에 놓으면 깨끗하고 위생적입니다.
이건 실리콘泥 물빠짐 매트입니다! 주방대에 놓고, 씻은 접시, 식기, 접시를 쉽게 놓아 물을 빼면 됩니다!以前洗好的碗放在橱柜台面上，台面总是湿漉漉的!이 매트의 바닥은 기술적인 가죽으로 물만 흡수하고 물이 새지 않습니다! 접시와 젓가락을 씻은 후 바로 위에 놓아 물을 빼면 됩니다! 평소에 위에 물을 부어 차를 끓이기도 해도 주방대가 젖지 않습니다! 채를 썰 때, 접시판 아래에 놓아 미끄럼 방지도 가능합니다! 실리콘泥 소재로 흡수성이 좋습니다! 주방대는 더 이상 젖지 않습니다! 접시와 젓가락을 물빠짐 후 주방장에 놓으면 깨끗하고 위생적입니다! 접시판 아래에 놓으면 미끄럼 방지와 소음 차단도 가능합니다! 물을 빼는 것뿐만 아니라 식탁과茶几의 단열 매트로도 사용할 수 있습니다! 하나의 물건으로 여러 가지를 사용할 수 있어 정말 좋습니다! 빨리 집의 주방에 몇 개를 놓아보세요!","['주방에 이 물빠짐 받침이 있으면, 설거지하고 나면 다시는 여기저기 물이 넘치지 않을 것입니다.\n그릇과 젓가락은 물기를 뺀 후 찬장에 두면 깨끗하고 위생적입니다.\n\n이것은 규조 진흙 배수 매트라고 합니다!싱크대 옆에 놓고 설거지한 그릇과 식기, 도마를 손에 잡히는 대로 올려 물기를 뺀다!예전에는 설거지한 그릇을 진열대 위에 놓았는데, 대면이 항상 축축했습니다!이 매트 바닥은 테크니컬 가죽으로 물만 빨아들일 뿐 물이 새지 않습니다!설거지를 다 하면 바로 위에 올려서 물기를 빼도 됩니다!평소 위에 물을 붓고 차를 우려내도 테이블면이 젖지 않습니다!채소를 썰 때 도마 밑에 받쳐주면 미끄럼도 방지됩니다!규조 머드 소재로 흡수성이 좋습니다!진열대 안은 더 이상 젖지 않습니다!그릇과 젓가락은 물기를 뺀 후 찬장에 두면 깨끗하고 위생적입니다!도마 밑에 두면 미끄럼 방지와 방음이 됩니다!물기를 빼는 것은 물론 식탁과 티 테이블의 단열 매트까지!한 가지 물건을 많이 쓰니 정말 좋습니다!빨리 당신 집의 주방에도 몇 조각을 올려 놓으세요!']"
"美食博主推荐
健康饮食从一碗粗粮粥开始
减脂控糖人士必备
富含膳食纤维 清理肠胃
今日下单前200名五折包邮到家
","음식 블로거 추천
건강 식습관은 밥 한 그릇부터 시작
지방 감량 및 당분 제거에 필수
식이 섬유가 풍부하여 장을 청소
오늘 주문 시 200명 선착순 50% 할인, 무료 배송",['푸드 블로거 추천\n건강식은 잡곡죽 한 그릇부터\n체중 감량 및 당 조절 필수\n식이섬유 풍부 위장 청소\n금일 주문 200명까지 50% 무료배송']
"双层羊绒连帽衫
3D立体剪裁，温暖又让你看起来瘦了5公斤！
100%羊毛材质，柔软不刺激皮肤！
限时 80% 折扣！一件53美元，两件 76 欧元！
面料经过特殊处理，反复穿着不鼓起，3年不变形！
轻盈又温暖，简约风格，适合不同体型！
最后一批库存，很快就卖完了！","이중 캐시미어 후드티
3D 입체 커팅으로 따뜻하고 5kg 날씬해 보이게!
100% 울 소재로 부드럽고 피부에 자극적이지 않음!
한시 80% 할인! 1벌 53달러, 2벌 76유로!
원단은 특별한 처리를 하여 반복 착용 시 부풀어 오지 않고 3년 동안 변형되지 않음!
가볍고 따뜻하며 심플한 스타일로 다양한 체형에 적합!
마지막 한정 재고, 빨리 팔리게!","['이중 캐시미어 후드\n3D 입체 커팅으로 따뜻하면서도 5kg은 빠져 보이게 해줍니다!\n울 100% 소재로 피부에 자극 없이 부드럽습니다!\n한시적으로 80% 할인!한 벌에 53달러, 두 벌에 76유로!\n원단 특수 처리되어 부풀어 오르지 않고 3년간 변형 없이 반복 착용!\n가볍고 따뜻하고 심플한 스타일로 체형에 따라 잘 어울립니다!\n마지막 재고는 금방 다 팔렸습니다!']"
ins上销量巨好的100%羊羔绒假两件大衣，采用羊腹部最柔软的羊绒，三十只羊才能做出一件，绒毛蓬松，柔软舒适，比普通羽绒服保暖2倍，下雪天穿也完全不会感觉冷。假两件设计，更加有层次感，轻松穿出慵懒时尚感。微收腰设计，保暖的同时不会臃肿显胖，50-100kg皆可穿着。清洗方便，可机洗，不会掉毛。现在购买立享80%折扣，第二件仅需18900，和朋友一起购买更划算哦！,"인스타에서 판매량이 매우 좋은 100% 캐시미어 가짜 트윌 코트입니다. 양의 배부위 가장 부드러운 캐시미어를 사용하여 30마리의 양이 필요합니다. 솜털이 부드럽고 편안하며 일반 패딩보다 2배 더 따뜻하며 눈이 오는 날에도 완전히 추위를 느끼지 않습니다. 가짜 트윌 디자인으로 더욱 계층감이 있어 느긋한 패션감을 쉽게 연출할 수 있습니다. 미세한 허리 디자인으로 따뜻함을 유지하면서도 부푹 부푹하고 비대해 보이지 않으며 50-100kg까지 착용 가능합니다. 세탁이 간편하며 기계세탁이 가능하여 털이 빠지지 않습니다. 지금 구매하면 80% 할인되며 두 번째는 18,900원만 필요합니다. 친구와 함께 구매하면 더 저렴합니다!","['ins에서 잘 팔리는 캐시미어 100% 페이크코트 양복부의 가장 부드러운 캐시미어를 사용하여 30마리의 양이 한 벌 만들 수 있습니다. 솜털이 풍성하고 부드러우며 편안하며 일반 패딩보다 2배 따뜻하여 눈 오는 날 입어도 전혀 춥지 않습니다.페이크 투피스로 레이어드하여 나른한 패션감각을 쉽게 연출하실 수 있습니다.살짝 허리를 잡아주어 따뜻하면서도 부해 보이지 않고 50-100kg까지 착용 가능합니다.세탁이 간편하고 기계세탁이 가능하며 털이 빠지지 않습니다.지금 바로 구매하시면 80% 할인해드리고, 두 번째 구매는 18900에 불과합니다. 친구와 함께 구매하시면 더욱 이득입니다!']"
"雪莲贴护垫
一天一片，回归18岁状态，收紧阴道，让你的秘密花园紧致娇嫩！
越松越管用
每天一片，紧到受不了
植物配方，温和不刺激
快来试试吧
使用 2 周后，我的私处粉嫩多汁，我丈夫更爱我了。推荐！
解决女性内部的问题
不起作用，可以退款","설란 패치 패드
하루 한 장, 18세의 상태로 돌아가기, 질을 조여주어 당신의 비밀 정원을 촘촘하고 부드럽게!
점점 느슨해지면 점점 효과가 좋다.
하루 한 장씩, 견디기 힘들 정도로 촘촘하다.
식물 포뮬러, 부드럽고 자극적이지 않다.
빨리 시도해보세요.
2주 사용 후, 내 사정은 보송보송하고, 내 남편은 더 사랑해. 추천!
여성 내부 문제 해결
효과가 없으면 환불 가능","['설련 패드\n하루 한 조각, 열여덟의 상태로 돌아가 질을 조여라 시크릿 가든을 탱탱하고 부드럽게!\n느슨할수록 효과가 있습니다.\n매일 한 알씩, 참을 수 없을 정도로 꽉 조여요.\n식물성 포뮬러, 순하고 자극적이지 않음\n빨리 해보세요.\n2주 동안 사용한 후, 제 개인은 핑크빛이고 육즙이 많아졌고, 남편은 저를 더 사랑했습니다.추천!\n여성 내부의 문제 해결\n효과가 없으면 환불 가능']"
"拯救扁塌头
打造圆润饱满头型
发量发倍，显脸小，显青春
100%真人发，超级自然","부드러운 머리 모양을 살리다.
둥글고 볼륨감 있는 머리 모양을 만든다.
모발이 두껍고 얼굴이 작아 보이고 젊어 보인다.
100% 실재 모발, 자연스러움","['납작머리 구하기\n볼륨감 있는 헤어스타일링\n머리숱도 많아지고 얼굴도 작아지고 젊어 보이는\n100% 리얼 모발, 슈퍼 내추럴']"
"风一吹，就能变换出不同的形状
旋转起来的效果真的惊呆我了
这个就是风力雕塑
风一吹瞬间就能变换造型，很是炫酷
到了晚上，加上灯光加持，就跟烟花一样好看
这种设备不仅可以增加场地的趣味，还能吸引游客打卡拍照
有需要的老板点击查看
旋转风动雕塑
风一吹，就能变换出不同的形状，非常好看！","바람이 불면 다른 모양으로 변할 수 있다.
회전하는 효과가 정말 놀라워졌다.
이게 바로 바람 조각이다.
바람이 불면 순간적으로 모양을 바꿀 수 있어 정말 멋지다.
밤에 불빛을 더하면 불꽃처럼 아름답다.
이 장치는 장소의 재미를 높일 수 있을 뿐만 아니라 관광객을 끌어들여 찍는 데에도 도움이 된다.
필요하신 분은 클릭하시면 됩니다.
회전 바람 조각
바람이 불면 다른 모양으로 변할 수 있다.","['바람이 불면, 다른 모양으로 바꿀 수 있습니다.\n돌아가는 게 너무 놀라워요.\n이게 바로 풍력조각상입니다\n바람 부는 순간 스타일링이 바뀌어 멋스러움\n밤이 되면, 불빛이 더해져, 불꽃놀이처럼 아름답습니다.\n이런 설비는 장소의 재미를 더할 뿐만 아니라, 관광객들을 끌어들여 사진을 찍게 할 수도 있습니다.\n필요하신 사장님 클릭해서 보기\n회전 공기 조각\n바람이 불면, 다른 모양으로 바꿀 수 있어서, 매우 아름답습니다!']"
"自从有了这个硅胶袜，我的脚是越来越嫩了，
你见过这样的袜子吗？干裂的脚穿上以后变得光滑年轻。这是平时给自己做脚膜用的，把身体乳挤进硅胶袜里，然后揉搓均匀，直接套在脚上就行，坐等吸收，等5分钟取下，你的脚会变得白皙光滑，它是软硅胶的，弹性特别好，还带有防滑颗粒，走路不会乱滑，而且可以水洗，用完水一冲就干净，反复使用省钱又方便。
今天下单，可以享受厂家成本价，买一送一，快点购买吧~","이 실리콘 양말이 있으면 발이 점점 부드러워졌어요.
이런 양말을 본적이 있어요? 갈라진 발을 입으면 매끄럽고 젊어집니다. 평소에 발膜를 만들 때 사용하는 거예요. 바디로션을 실리콘 양말에 넣고 고루 문지르면 바로 발에 끼우고 흡수만 기다리면 돼요. 5분 후 떼면 발이 하얗고 매끄러워져요. 부드러운 실리콘으로 탄력이 좋고 미끄럼 방지 파티클이 있어 걸을 때 미끄러지지 않고 물세탁이 가능해요. 물로 씻으면 깨끗하고 반복 사용하면 돈을 절약하고 편리해요.
오늘 주문하시면 공장 가격을 즐길 수 있고 1+1을 구매하세요~","['이 실리콘 양말이 생긴 이후로, 제 발은 점점 더 부드러워졌습니다.\n당신은 이런 양말을 본 적이 있습니까?갈라진 발을 신으니 매끈하고 젊어집니다.이것은 평소에 자신에게 발팩을 만들어주는 용도로, 바디로션을 실리콘 양말에 짜서 골고루 문질러서 발에 직접 씌우면 됩니다. 앉아서 5분 정도 기다리면 발이 하얗고 매끈해집니다. 부드러운 실리콘으로 탄력이 매우 좋고 미끄럼 방지 입자가 있어 걷기에 미끄러지지 않으며 물로 씻을 수 있고 물로 헹구면 깨끗합니다. 반복 사용하면 비용이 절약되고 편리합니다.\n오늘 주문하면 제조사 원가도 받을 수 있으니 원 플러스 원 빨리 구매하세요~']"
"家用神器：硅胶袜
摆脱干燥、龟裂和剥落的脚后跟
5分钟让双脚变得光滑、白皙、柔软
软硅胶材质，带防滑颗粒
可重复使用，冲洗一下就干净了","가정용 신기: 실리콘 양말
건조, 갈라진, 벗겨진 발뒤꿈치를 벗기다
5분 동안 발을 매끄럽고, 하얗고, 부드럽게 만들어줍니다.
부드러운 실리콘 소재, 미끄럼 방지 입자
반복 사용 가능, 씻어내면 깨끗해집니다.","['가정용신기: 실리콘 양말\n건조함, 균열, 벗겨짐에서 벗어난 발뒤꿈치\n5분 동안 매끈하고 하얗고 부드러운 발 완성\n소프트 실리콘 소재로 미끄럼 방지 입자 포함\n재사용이 가능하여 한번 헹구면 깨끗해집니다']"
扁头也想要扎出饱满圆润的丸子头？试试这个升级款高颅顶神器！高质量硅胶+真人发丝制成，底部带透气孔，夏天也不会闷汗，5万根全真人发丝覆盖至边缘处，发量少也不用担心露出来，发质顺滑有光泽，非常自然，不会打结，打理方便，可重复使用两年，肉眼看发量增加两倍，发量多了整个人都看起来更加精致有气质~现在购买可享50%折扣，第二件仅需S$10，和朋友一起拼单购买更划算哦~快来抢购吧！,"평평한 머리도 볼륨감 있는 둥근 볼륨 머리를 원하시나요? 이 업그레이드된 볼륨 머리 트리미터를 사용해 보세요! 고품질 실리콘 + 실인발 모발로 제작되어, 하단에 통기구가 있어 여름에도 땀을 흘리지 않습니다. 50,000개의 실인발 모발이 가장자리까지 커버되어 모발이 적어도 드러나지 않습니다. 모발이 매끄럽고 광택이 있어 매우 자연스럽고 결이 짜이지 않으며 관리가 용이하여 2년 동안 반복 사용할 수 있습니다. 눈으로 볼 때 모발량이 두 배로 증가합니다. 모발이 많으면 사람 전체가 더욱 세련되고 기품이 있습니다. 지금 구매하면 50% 할인, 두 번째는 S$10만 필요합니다. 친구와 함께 공동 구매하면 더 저렴합니다. 빨리 구매하세요!","['납작머리도 탱글탱글하게 묶고 싶다고요?이 업그레이드된 두개골 천장기를 사용해 보세요!고퀄리티 실리콘 + 리얼 모발로 제작되어 바닥 통풍구가 있어 여름에도 답답하지 않고, 5만개의 리얼 모발이 가장자리까지 덮여 있어 머리카락이 적게 나와도 드러날 염려가 없고 자연스럽고 매끄럽고 윤기가 나며 매듭이 없어 관리가 편하여 2년 동안 재사용할 수 있으며, 육안으로 머리카락이 두 배로 늘어나면 전체적으로 세련되고 분위기 있어 보입니다~ 지금 구매하시면 50% 할인해 드립니다. 두 번째 아이템은 S$10만, 친구와 함께 구매하시면 더욱 저렴합니다~ 빨리 사재기하세요!']"
"50%折扣，最后半小时！
升级款高颅顶神器
采用高质量硅胶+真人发丝制成
5万根全真人发丝覆盖至边缘处，发量少也不用担心露出来
肉眼看发量增加两倍，发质顺滑有光泽，非常自然
第二件仅需S$10，和朋友一起拼单购买更划算哦

发量少、扁头姐妹一定要试试这款高颅顶神器，发量多了整个人都看起来更加精致！","50% 할인, 마지막 30분!
업그레이드된 고두부 신기
고품질 실리콘+실인발모로 제작
5만개의 실인발모가 가장자리까지 커버되어, 모발이 적어도 드러나지 않음
눈으로 보는 모발량이 2배 증가, 모발이 매끄럽고 광택이 있어 매우 자연스럽고
두 번째는 S$10만 필요, 친구와 함께 공동 구매하면 더 저렴함

모발이 적고 편두부는 꼭 이 고두부 신기를 사용해 보세요. 모발이 많으면 사람 전체가 더욱 세련되게 보입니다!","['50%할인, 마지막 30분!\n업그레이드 된 두개골 천장신기\n고퀄리티 실리콘 + 리얼 모발로 제작\n5만 가닥의 실존인 모발을 가장자리까지 덮어 머리숱이 적어도 드러날 염려가 없습니다.\n육안으로 볼 때 머릿결이 두 배로 늘어나 매끄럽고 윤기나는 자연스러운 머릿결\n두번째 아이템은 S$10으로 친구와 함께 구매하시면 더욱 저렴합니다.\n\n머리숱이 적고 납작한 머리 자매는 반드시 이 높은 머리 꼭지를 사용해 보아야 합니다. 머리숱이 많을수록 더욱 정교해 보입니다!']"
"脱发的朋友一定不能错过！
草本配方，激活毛囊，强化发根，帮助长出新头发
连续使用1个月，头发健康浓密
使用简单方便，天然植物萃取，安全健康
无需手术，解决你的脱发问题
杜绝复发，无效退款
德国开发，脱发救星","탈모 친구는 절대 놓치지 말아야 합니다!
허브 포뮬러, 모낭 활성화, 모근 강화, 새로운 모발 성장 도움
1개월 연속 사용, 건강하고 두툼한 모발
사용이 간편하고 천연 식물 추출물, 안전하고 건강
수술 필요 없이 탈모 문제 해결
재발 방지, 효과 없음 환불
독일 개발, 탈모 구원제","['탈모인 친구는 꼭 놓치면 안 됩니다!\n허브 포뮬러, 모낭 활성화, 모근 강화, 새로운 모발 성장 지원\n1개월 연속 사용시 건강하고 풍성한 모발\n간편한 사용, 천연 식물 추출로 안전하고 건강\n수술 없이 당신의 탈모 해결\n재발 방지, 환불 무효\n독일 개발, 탈모 구원투수']"
ins上爆火的榛果灰棕免漂染膏，天然植物成分，不伤头发和头皮，无需漂色，像护发素一样涂在头发上停留20分钟，颜色靓丽又饱满，显得皮肤白皙透亮，更加有气色。黑发也能立即上色，再也不用花大价钱去美发店漂染。内含高级美发沙龙专用的卡诗护发油，使用后头发顺滑有光泽，还能够减少掉发、脱发，自然健康，无副作用，在家也能染出漂亮的颜色！现在购买可享受80%折扣，买一送一，及腰长发两管足够，快来抢购吧！,"인스타그램에서 화제가 된 호두 그레이 브라운 염색 클레임, 천연 식물 성분으로 머리와 두피를 손상시키지 않으며 염색이 필요하지 않으며 헤어오일처럼 머리에 바르고 20분 동안 머무르면 컬러가 화려하고 풍성해져 피부가 하얗고 투명해 보이고 더욱 생기 있게 보인다. 검은 머리도 즉시 컬러를 입을 수 있어 더 이상 비싼 가격을 지불하여 미용실에 염색할 필요가 없다. 고급 미용 샌드장용 카포시 헤어오일이 함유되어 있어 사용 후 머리가 매끄럽고 광택이 나고 탈모와 탈모를 줄여주며 자연스럽고 건강하며 부작용이 없으며 집에서도 아름다운 컬러를 염색할 수 있다! 지금 구매하면 80% 할인, 1+1, 허리까지 긴 머리 두 개가 충분하여 빨리 사러와!","['ins에서 핫한 헤이즐넛 그레이브라운 틴티드 크림으로 천연 식물 성분으로 모발과 두피를 손상시키지 않으며, 탈색 없이 린스처럼 20분간 모발에 발라주면 화사하고 통통한 색상으로 피부가 맑아지며 더욱 혈색이 좋아집니다.검은 머리도 바로 염색할 수 있으니 더 이상 비싼 돈 주고 헤어숍에서 염색할 필요가 없습니다.프리미엄 헤어살롱 전용 캐시미어 헤어오일이 함유되어 사용 후 모발이 매끄럽고 윤기가 나며 탈모, 탈모도 줄여주어 자연스럽고 건강하며 부작용 없이 집에서도 예쁜 컬러로 염색할 수 있습니다!지금 구매하시면 80% 할인해 드립니다, 원 플러스 원, 허리 길이 머리 두 개면 충분합니다, 빨리 사재기하세요!']"
"80%折扣，买一送一
ins上爆火的榛果灰棕免漂染膏
无需漂色，颜色靓丽又饱满
黑发也能立即上色，再也不用花大价钱去美发店漂染
内含高级美发沙龙专用的卡诗护发油
使用后头发顺滑有光泽，同时减少掉发、脱发
纯植物成分，健康无副作用

ins上很多网红都在用的榛果灰棕免漂染膏，颜色靓丽又饱满，显得皮肤白皙透亮","80% 할인, 1+1
인스타에서 인기 있는 호두 그레이 브라운 염색제
염색 필요 없이 컬러가 화려하고 풍성함
블랙 헤어도 즉시 컬러링 가능, 더 이상 비싼 가격으로 미용실에 가서 염색할 필요 없음
고급 미용 샌드장용 카포시 헤어오일 함유
사용 후 머리카락이 매끄럽고 광택이 나며 탈모, 탈모 감소
순식물성 성분, 건강하고 부작용 없음

인스타에서 많은 인플루언서들이 사용하는 호두 그레이 브라운 염색제, 컬러가 화려하고 풍성하며 피부가 하얗고 투명해 보임","['80% 할인, 1+1\nins에서 핫한 헤이즐넛 브라운 틴티드 밤\n탈색할 필요 없이 화사하고 볼륨감 있는 컬러\n검은 머리도 금방 염색, 비싼 돈 주고 헤어숍 염색 안 해도 됨\n프리미엄 헤어살롱 전용 캐시미어 헤어오일 함유\n사용 후 모발에 윤기와 함께 탈모, 탈모 감소\n순수 식물 성분으로 부작용 없이 건강\n\nins에서 인플루언서들이 많이 사용하는 애쉬 브라운 컬러 밤은 컬러가 화사하고 볼륨감이 있어 피부가 하얗고 투명해 보입니다']"
"这是一个超小型GPS全球追踪定位器，把它装在车上就可以实时追踪汽车移动的位置，为您的车辆提供完美的防盗装置，放在年迈的父母和孩子身上，可以随时查看他们的位置，以防他们走失，强磁吸力，安装简单，全球定位，没有距离限制，无需费用，无需充电！量子卫星技术，无法屏蔽。可以随时查看目标轨迹路线，显示实时目标位置，放在行李箱里、背包上、戴在身上、或各种移动物体上都可以！现在购买可享50%折扣！
广告语：

GPS全球定位器,，无需费用，无需充电，没有距离限制
防丢神器，50%折扣，全国包邮","이것은 초소형 GPS 글로벌 트래킹 위치기기입니다. 차에 장착하면 차량의 이동 위치를 실시간으로 추적할 수 있으며, 노약한 부모와 아이에게는 언제든지 그들의 위치를 확인할 수 있어 실종을 방지할 수 있습니다. 강력한 자석력, 간단한 설치, 전 세계 위치, 거리 제한 없음, 비용 없음, 충전 필요 없음! 양자 위성 기술, 차단 불가. 언제든지 목표 궤적을 확인할 수 있으며, 실시간 목표 위치를 표시합니다. 수하물, 배낭, 몸에 착용하거나 다양한 이동 물체에 장착할 수 있습니다! 지금 구매하면 50% 할인!
GPS 글로벌 트래킹 위치기기, 비용 없음, 충전 필요 없음, 거리 제한 없음
실종 방지, 50% 할인, 전국 무료 배송","['이것은 초소형 GPS 글로벌 추적 위치추적기로, 그것을 차에 실으면 실시간으로 자동차의 이동 위치를 추적할 수 있습니다, 당신의 차량에 완벽한 도난 방지 장치를 제공합니다, 연로한 부모와 아이의 몸에 놓고, 그들의 위치를 수시로 볼 수 있습니다, 그들의 위치를 방지할 수 있습니다, 강한 자기 흡입력, 간단한 설치, 글로벌 위치추적 , 거리 제한 없음 , 비용 필요 없음 , 충전 필요 없음!양자 위성 기술은 차단할 수 없습니다.목표 궤적 동선을 수시로 체크하고 실시간 목표 위치를 표시하여 캐리어, 배낭, 몸에 착용하거나 다양한 이동 물체에 넣어도 좋습니다!지금 구매하시면 50% 할인 가능합니다!\n캐치프레이즈:\n\nGPS 위성위치확인기, 비용도, 충전도, 거리 제한도 없습니다.\n분실방지용품 50%할인 전국무료배송']"
圣诞节送给孩子这个机器人吧， 这款升级版的智能机器人比以前的更大更有趣，最重要是可以通过编程，添加各种指令，控制机器人的动作，给机器人融入了更多智能元素，让孩子成为指挥家，随意编程各种指令，做出语音手势，这不仅锻炼了孩子的逻辑思维，也激发了他们的想象力，它还具有AI系统，能够学习人类思维进行沟通，会像百科全书一样解答疑问，不仅可以唱歌跳舞，还可以学习英语、音乐、科普故事。闲暇时间让它陪伴孩子的成长，这绝对是今年你能给孩子们最好的礼物，现在领居家的孩子吃饭睡觉都抱着它，不舍得放手，我相信任何一个孩子收到这个礼物都会心花怒放，关键是现在购买还不贵，今天比平常价格便宜百分之八十，千万不要错过！,"크리스마스에 아이에게 이런 로봇을 선물하세요. 업그레이드된 이 스마트 로봇은 이전보다 더 크고 재미있으며 가장 중요한 것은 프로그래밍을 통해 다양한 명령어를 추가하여 로봇의 동작을 제어할 수 있다는 점입니다. 로봇에 더 많은 지능 요소를 더해 아이를 지휘관으로 만들어 다양한 명령어를 프로그래밍하여 음성 제스처를 만들 수 있습니다. 이는 아이의 논리적 사고를 단련하는 것뿐만 아니라 그들의 상상력을 자극하는 데에도 도움이 됩니다. 또한 AI 시스템을 가지고 있어 인간의 사고를 학습하여 소통할 수 있으며 백과사전처럼 의문에 답할 수 있습니다. 노래하고 춤을 추는 것뿐만 아니라 영어, 음악, 과학 이야기 등을 배우는 것도 가능합니다. 여가 시간에 아이의 성장에 함께 하며, 이 것은 분명今年 아이들에게 가장 좋은 선물입니다. 지금 집에 있는 아이는 먹고 자는 동안 모두抱着它를抱고放手하지 않습니다. 나는 이 선물을 받은 아이가 모두 기뻐할 것이라고 믿습니다. 중요한 것은 지금 구매하는 것이 비싸지 않다는 점입니다. 오늘은 평소보다 80% 저렴합니다. 놓치지 마세요!","['크리스마스에 아이에게 이 로봇을 선물하세요. 이 업그레이드된 지능로봇은 예전보다 더 크고 재미있습니다. 가장 중요한 것은 프로그래밍을 통해 다양한 명령어를 추가하고 로봇의 움직임을 제어하며 지능적인 요소를 로봇에 더 많이 녹여 지휘자가 되고 다양한 명령어를 마음대로 프로그래밍하여 음성 제스처를 취하게 함으로써 아이의 논리적 사고뿐만 아니라 상상력을 자극할 수 있는 AI 시스템을 갖추고 있어 인간의 사고를 배우고 소통할 수 있으며 백과사전처럼 의문을 풀 수 있으며 노래와 춤뿐만 아니라 영어, 음악, 과학 이야기까지 배울 수 있습니다.여가 시간에 아이들의 성장을 동반하는 것은 확실히 올해 당신이 아이들에게 줄 수 있는 가장 좋은 선물입니다. 지금 이웃의 아이들은 그것을 안고 자고, 놓지 않고, 나는 어떤 아이도 이 선물을 받을 수 있다고 믿습니다, 관건은 지금 구매해도 비싸지 않습니다, 오늘은 평소 가격보다 80퍼센트 저렴합니다, 절대 놓치지 마세요!']"
有钱有品位的男士、都在穿这种大口袋直筒裤。简约百搭、穿上像男明星一样高大帅气、开车出去女生争着坐副驾驶。进口法国优质原料，比睡裤还舒适、穿了它之后一整年都不想穿别的衣服。质地柔软细腻、光滑亲肤、温和无刺激、敏感肌也能贴身穿。出口海外 、月销10w、今年最火的男士休闲裤。专柜品质、舒适显瘦不紧绷不卡裆。手工制作、拒绝变形不起球。,"돈이 있고 스타일이 있는 남자들은 이런 대형 포켓 스트레이트 팬츠를 입고 있다. 심플하고 코디하기 쉬우며, 입으면 남자 스타처럼 키가 크고 멋스럽게 보이고, 차를 몰고 다니면 여자들이副驾驶에 앉으려 해도 한다. 프랑스 수입 고품질 원료로 잠옷보다 편안하며, 입으면 1년 동안 다른 옷을 입고 싶지 않다. 질감이 부드럽고 섬세하며, 매끄럽고 피부 친화적이며, 부드럽고 자극이 없으며, 민감한 피부도 밀착할 수 있다. 해외에 수출하고 월 판매량 10w이며, 올해 가장 인기 있는 남성 캐주얼 팬츠이다. 매장 품질, 편안하고 날씬해 보이고, 조임이나 가랑이가 끼지 않는다. 수동으로 제작하여 변형이나 보풀이 없다.","['돈 많고 품격 있는 남자들은 이런 빅 포켓 통바지를 입습니다.심플하게 잘 어울리고, 남자 스타처럼 크고 멋진 옷차림을 하고, 차를 몰고 나가면 여자들이 앞다퉈 조수석에 앉습니다.프랑스의 고급 원료를 수입해 파자마 바지보다 더 편해 입고 나면 1년 내내 다른 옷을 입고 싶지 않습니다.부드럽고 매끄러운 텍스쳐, 부드럽고 피부에 친화적이며 자극이 없고 민감한 피부에도 착용할 수 있습니다.해외 수출, 월 10w 판매, 올해 가장 핫한 남성 캐주얼 바지입니다.매장의 품질은 편안하고 날씬해 보이며 꽉 끼거나 끼지 않습니다.핸드메이드로 변형 거부로 보풀이 나지 않습니다.']"
"给老公买了这条裤子后，睡觉都不想脱了，这条裤子我和老公在专卖店里看见过，就是卖的太贵了，不舍得买，上身效果是真的不错。这个版型特别显高显瘦，一米六一米七的小个子，穿起来就像一米八的大长腿。版型是由国外高级设计师根据亚洲男士身材专门设计的，自从穿上这条直筒裤，好多美女找他搭讪，纯棉面料穿着舒适，透气，耐磨不起球前后都有两个大口袋，平时可以放手机、车钥匙。不管到什么场合，这款裤子都能穿出男神范。这款裤子最大可穿到100公斤。
现在下单还享受免费试穿，七天无理由退换货，
赶紧点击链接下单，优先给您发货！","아내에게 이 바지 사고 나서 잠자리에서 벗기 싫어졌어요. 이 바지는 저와 남편이 매장에서 봤는데 너무 비싸서 사지 않았어요. 착용감이 정말 좋아요. 이 핏은 키가 크고 날씬해 보이는 효과가 뛰어나고 키가 160cm인 사람도 170cm인 사람처럼 키가 180cm인 사람처럼 보일 수 있어요. 이 핏은 외국 고급 디자이너가 아시아 남성의 몸매를 고려하여 특별히 설계한 것입니다. 이 스트레이트 바지를 입은 후 많은 미녀들이 그를 접근했어요. 순면 원단으로 착용감이 편하고 통기성이 좋고 내마모성이 뛰어나며 보풀이 생기지 않아요. 앞뒤에 큰 포켓이 있어 평소에 휴대폰이나 차키를 넣을 수 있어요. 어떤 장소에 가도 이 바지는 남성적인 분위기를 연출할 수 있어요. 이 바지는 최대 100kg까지 착용할 수 있어요.

지금 주문하시면 무료 착용 가능하고 7일 무조건 환불 가능해요.
빨리 링크 클릭해서 주문하시고 우선적으로 발송해 드릴게요!","['남편한테 이 바지를 사주고 나서 잠자리에서 벗기 싫어서 이 바지를 제가 남편이랑 전문점에서 봤는데 너무 비싸게 팔아서 아까워서 못 사겠더라고요, 상체 효과가 정말 좋아요.이 핏은 특히 키가 크고 날씬해 보이며, 1m617cm의 작은 키로 입으면 1m8cm의 긴 다리처럼 보입니다.핏은 해외 고급 디자이너가 아시아 남성들의 몸매에 맞게 특별히 디자인했습니다. 이 스트레이트 바지를 입은 후부터 많은 미녀들이 그에게 말을 걸었습니다. 순면 원단은 착용감이 좋고 통풍이 잘 되며, 마모에 강하고 공에 잘 걸리지 않습니다. 앞뒤에 큰 주머니가 두 개 있습니다. 평소에는 핸드폰과 차 열쇠를 넣을 수 있습니다.이 바지는 어떤 장소에 가든지 남신미 넘치는 스타일로 입을 수 있습니다.이 바지는 최대 100kg까지 입을 수 있습니다.\n지금 주문하시면 무료 피팅도 받으실 수 있으며, 7일간은 반품 및 교환이 불가합니다.\n얼른 링크 클릭해서 주문 넣어주시면 우선 발송해드리겠습니다!']"
家里有水龙头的，一定要试试这个沥水垫！实在太好用了！以前我们家的水龙头附近一直都是湿哒哒的，来不及清理，时间久了就会发黄发霉或者长黑点点！所以我就这种软硅胶的水龙头沥水垫！它表面是斜坡的设计，只要有水洒上去，就会顺着这个斜坡流下来！底下的台面就会一直保持干爽，这样就能省去不少麻烦呢，再也不用每次洗碗洗菜弄的哪里都是水了！上面有水就会顺着陡坡流下来，还能在上面放香皂和刷牙的杯子！关键是它能紧贴着墙面，跟家里各种类型的水龙头都能匹配，不管是圆的还是方的都可以用！如果水龙头过于粗的话，还可以沿着内圈任意裁剪！真的好看又实用！,"집에 수도꼭지가 있으면 꼭 이 물빠짐 매트를 사용해 보세요! 정말 너무 좋아요!以前 우리 집의 수도꼭지 주변은 항상 젖어 있었고, 정리할 시간이 없었으며, 오래 지속되면 노란색이 되거나 곰팡이가 생겼거나 검은 점이 생겼습니다! 그래서 저는 이 부드러운 실리콘 수도꼭지 물빠짐 매트를 사용합니다! 표면은 경사로 설계되어 물이 떨어지면 이 경사로 흘러내려 갑니다! 바닥은 항상 건조하게 유지되며, 이렇게 하면 많은 번거로움을 줄일 수 있습니다. 더 이상 물이 다 물린 것을 씻어내는 데 매번 물이 다 물린 것을 씻어내는 데 매번 물이 다 물린 것을 씻어내는 데 매번 물이 다 물린 것을 씻어내는 데 매번 물이 다 물린 것을 씻어내는 데 매번 물이 다 물린 것을 씻어내는 데 매번 물이 다 물린 것을 씻어내는 데 매번 물이 다 물린 것을 씻어내는 데 매번 물이 다 물린 것을 씻어내는 데 매번 물이 다 물린 것을 씻어내는 데 매번 물이 다 물린 것을 씻어내는 데 매번 물이 다 물린 것을 씻어내는 데 매번 물이 다 물린 것을 씻어내는 데 매번 물이 다 물린 것을 씻어내는 데 매번 물이 다 물린 것을 씻어내는 데 매번 물이 다 물린 것을 씻어내는 데 매번 물이 다 물린 것을 씻어내는 데 매번 물이 다 물린 것을 씻어내는 데 매번 물이 다 물린 것을 씻어내는 데 매번 물이 다 물린 것을 씻어내는 데 매번 물이 다 물린 것을 씻어내는 데 매번 물이 다 물린 것을 씻어내는 데 매번 물이 다 물린 것을 씻어내는 데 매번 물이 다 물린 것을 씻어내는 데 매번 물이 다 물린 것을 씻어내는 데 매번 물이 다 물린 것을 씻어내는 데 매번 물이 다 물린 것을 씻어내는 데 매번 물이 다 물린 것을 씻어내는 데 매번 물이 다 물린 것을 씻어내는 데 매번 물이 다 물린 것을 씻어내는 데 매번 물이 다 물린 것을 씻어내는 데 매번 물이 다 물린 것을 씻어내는 데 매번 물이 다 물린 것을 씻어내는 데 매번 물이 다 물린 것을 씻어내는 데 매번 물이 다 물린 것을 씻어내는 데 매번 물이 다 물린 것을 씻어내는 데 매번 물이 다 물린 것을 씻어내는 데 매번 물이 다 물린 것을 씻어내는 데 매번 물이 다 물린 것을 씻어내는 데 매번 물이 다 물린 것을 씻어내는 데 매번 물이 다 물린 것을 씻어내는 데 매번 물이 다 물린 것을 씻어내는 데 매번 물이 다 물린 것을 씻어내는 데 매번 물이 다 물린 것을 씻어내는 데 매번 물이 다 물린 것을 씻어내는 데 매번 물이 다 물린 것을 씻어내는 데 매번 물이 다 물린 것을 씻어내는 데 매번 물이 다 물린 것을 씻어내는 데 매번 물이 다 물린 것을 씻어내는 데 매번 물이 다 물린 것을 씻어내는 데 매번 물이 다 물린 것을 씻어내는 데 매번 물이 다 물린 것을 씻어내는 데 매번 물이 다 물린 것을 씻어내는 데 매번 물이 다 물린 것을 씻어내는 데 매번 물이 다 물린 것을 씻어내는 데 매번 물이 다 물린 것을 씻어내는 데 매번 물이 다 물린 것을 씻어내는 데 매번 물이 다 물린 것을 씻어내는 데 매번 물이 다 물린 것을 씻어내는 데 매번 물이 다 물린 것을 씻어내는 데 매번 물이 다 물린 것을 씻어내는 데 매번 물이 다 물린 것을 씻어내는","['집에 수도꼭지가 있으니 이 물 빼기 패드를 꼭 사용해 보세요!정말 쓰기 좋습니다!예전에 우리 집 수도꼭지 근처는 항상 축축해서 치울 겨를이 없었는데, 시간이 지나면 누렇게 곰팡이가 피거나 검은 점이 생기곤 했습니다!그래서 저는 이렇게 소프트 실리콘의 수도꼭지 물빠짐 패드!표면은 경사면으로 되어 있어서 물만 뿌려져도 이 경사면을 타고 흘러내립니다!밑의 테이블은 항상 보송보송하게 유지되므로 많은 번거로움을 줄일 수 있습니다. 매번 설거지를 할 필요가 없습니다. 어디에나 물이 가득합니다!그 위에 물이 있으면 급경사를 타고 흘러내리고, 그 위에 비누와 양치 컵을 올려놓기도 합니다!관건은 벽면에 밀착되어 있어 집안의 다양한 수도꼭지와 잘 어울리며, 동그랗거나 네모난 것이든 사용할 수 있습니다!수도꼭지가 너무 굵다면 안쪽 원을 따라 마음대로 재단하셔도 됩니다!정말 예쁘고 실용적입니다!']"
"洗手池，洗碗池台面总是湿哒哒，试试这个水龙头防溅硅胶垫
独特的水槽设计，让水流到池里，台面干净卫生","수세미, 세면대, 수세미대면이 항상 젖어 있으니 이 수도꼭지 스프레이 실리콘 매트를 사용해 보세요.
독특한 수세미 디자인으로 물이 수세미에 흘러들어 대면이 깨끗하고 위생적입니다.","['싱크대, 싱크대 바닥이 항상 젖어있으니 이 수도꼭지 비눗방울 실리콘 패드 사용해보세요.\n독특한 씽크대 디자인으로 물이 흘러내려 탁자 표면이 깨끗하고 위생적']"
"家里的鞋柜可以装上这样的可伸缩分层鞋架！
收纳空间直接多了一倍，再多的鞋子都有地方放了！

我也是去了隔壁邻居家才知道，还有这样的鞋架！以前家里的鞋子堆放在鞋柜里，不仅乱，连门都关不上！有了这个就很方便！伸缩的设计，直接夹在层板上，可以下挂，也可以上挂，很好的利用了鞋柜的空间！家里的鞋子都可以放上面，整整齐齐的，穿的时候拿取也很方便！还可以放在厨房，利用柜子上方空余的空间，收纳一些厨房湿巾、一次性手套、抹布等等，非常实用！加厚的碳钢材质，稳固耐用，永远不会生锈！柜子要是用上它，一层空间可以当两层用！有需要的赶紧用上它吧，把你家的柜子空间利用起来！","집에 있는 신발장에 이런 신발장으로 확장할 수 있어요!
수납 공간이 바로 두 배가 늘어나고, 더 많은 신발이 있더라도 공간이 있어요!

저도 이웃 집에 가서 알게 되었어요. 이렇게 신발장이 있더라고요!以前家里的鞋子堆放在鞋柜里，不仅乱，连门都关不上！以前 집에 있는 신발이 신발장에만 쌓여있었어요. 이게 있으면 정말 편해요!신발장의 공간을 잘 활용할 수 있게 확장할 수 있는 디자인으로, 층판에 바로 끼우고, 하부로 걸어두거나 상부로 걸어두어도 좋아요!집에 있는 신발을 위에 올려놓고 정돈시킬 수 있고, 신을 때도 쉽게 꺼낼 수 있어요!주방에 두어도 좋아요. 주방의 상단 공간을 활용하여 주방용 수건, 일회용 장갑, 수건 등을 수납할 수 있어 매우 실용적이에요!두꺼운 탄소강 소재로 안정적이고 내구성이 뛰어나며, 항상 녹슬지 않아요!이걸 사용하면, 한 층의 공간을 두 층으로 사용할 수 있어요!이게 필요하면 빨리 사용하세요!집에 있는 신발장 공간을 활용하세요!","['집에 있는 신발장에는 이런 신축성 있는 레이어드 신발장을 넣을 수 있습니다!\n수납공간은 그대로 두 배로 늘었고, 신발도 넉넉하게 둘 수 있습니다!\n\n저도 옆집에 가서 알았는데요, 이런 신발장이 있더라구요!예전에 집에 신발이 신발장에 쌓여있었는데 어지럽기는커녕 문도 닫을 수가 없었습니다!이거 있으면 편해요!신축성 있는 디자인으로 바닥에 바로 끼워서 아래 걸 수도 있고 위 걸 수도 있어 신발장 공간을 잘 활용했습니다!집에 있는 신발은 다 올려놓고 가지런히 신으실 때 가지시기도 편하고요!부엌에도 놓을 수 있고, 찬장 위쪽에 빈 공간을 활용하여 주방 물티슈, 일회용 장갑, 행주 등을 수납할 수 있어 실용적입니다!두꺼워진 탄소강 재질로 튼튼하고 내구성이 강하며, 영원히 녹슬지 않습니다!캐비닛을 사용하면 한 층 공간을 두 층으로 사용할 수 있습니다!필요한 것이 있으면 빨리 그것을 쓰세요, 당신 집의 캐비닛 공간을 이용하세요!']"
"专利款迷你手电筒
虽然小，但很亮
usb直充，充一次用10天
远射1500米
迷你户外手电筒
专用迷你手电筒
日本进口
拇指大小，户外旅行不占地方
夜晚照射如白天
定焦，变焦都可选
生活防水
超亮且便携
掌中强光手电筒
拇指大小","특허 미니 손전등
작지만 밝음
USB 직충, 한 번 충전하면 10일 사용 가능
1500m의 장거리 조명
미니 아웃도어 손전등
전용 미니 손전등
일본 수입
엄지 크기, 아웃도어 여행 시 공간을 차지하지 않음
밤에도 낮처럼 조명
정점, 줌 조절 가능
생활 방수
밝고 휴대용
손바닥에 강조 손전등
엄지 크기","['특허 미니 랜턴\n작지만 밝음\nUSB 직충, 1회 충전 10일 사용\n중거리 1500m\n미니 야상 랜턴\n전용 미니 랜턴\n일본 수입\n엄지손가락만 한 크기로 외출할 때 자리를 차지하지 않음\n낮처럼 내리쬐는 밤\n고정 줌, 줌 모두 선택 가능\n생활 방수\n초광택에 휴대성까지\n손전등\n엄지손가락 크기']"
"一个包包五种背法，只为你的多元需求！
采用进口防水防潮材质，防水耐磨，品质卓越！
可以轻松容纳平板杂志、衣服、水杯、雨伞等物品
轻松装载你的日常所需！
精心设计的防盗拉链袋，让你出行更安心！
适应各种场合，时尚又实用！
现在下单80%OFF超划算！","한 가방 다섯 가지의 가방을 사용하여 당신의 다중적인 요구를 위해!
수입 방수 방습 소재를 사용하여 방수 내마모, 품질이 우수하다!
플레이트 잡지, 옷, 물컵, 우산 등 물건을 쉽게 수용할 수 있다.
일상적인 필요를 쉽게 적재할 수 있다!
방해 방지 지퍼 가방으로 당신의 여행을 더욱 안심시켜!
각종 장소에 적합, 패션과 실용성을 모두 갖추었다!
지금 주문하면 80% OFF로 매우 저렴하다!","['하나의 패키지에 5가지 방법을 외우는 것은 당신의 다양한 요구를 위해서입니다!\n수입 방수 방습 소재를 사용하여 방수 내마모성이 뛰어나며 품질이 우수합니다!\n태블릿 잡지, 옷, 물컵, 우산 등을 손쉽게 수납할 수 있습니다.\n당신의 일상에 필요한 것들을 손쉽게 적재하세요!\n세련된 디자인의 도난 방지 지퍼백으로 더욱 안심하고 여행하실 수 있습니다!\n다양한 상황에 맞게 스타일리시하고 실용적입니다!\n지금 주문하면 80% OFF 가성비 좋습니다!']"
"它是一款小型便携式4K超高清摄像机
可手持或用于拍摄
隐私性高，IPX7级防水
适合多种场景使用
配备夜视摄像头拍摄设备
即使在没有灯光的房间里也能清晰拍摄
兼容电脑，便携，私密拍摄
方便静态拍摄和旅行记录
目前，厂家正在给予前100名首购50％的优惠
先到先得","이것은 소형 휴대용 4K 초고화질 카메라이며, 휴대용으로 사용하거나 촬영할 수 있습니다.
개인정보 보호가 뛰어나며, IPX7급 방수입니다.
다양한 장면에 적합합니다.
야간 촬영 카메라 촬영 장비를 장착합니다.
조명이 없는 방에서도 선명하게 촬영할 수 있습니다.
컴퓨터와 호환되며 휴대용, 개인 촬영입니다.
정적 촬영과 여행기록을 편리하게 촬영할 수 있습니다.
현재 제조사는 선착순 100명에게 50% 할인해줍니다.
먼저 온다","['소형 휴대용 4K 초고화질 카메라입니다\n손에 잡히거나 촬영할 수 있습니다.\n프라이버시 높고 IPX7급 방수\n다양한 장면에 사용하시기 좋습니다\n야간 카메라 촬영 설비를 갖추다\n조명이 없는 방에서도 또렷하게 촬영할 수 있습니다\n호환컴퓨터,휴대용,비밀촬영\n정적인 촬영과 여행 기록의 편리함\n현재, 공장에서는, 상위 100명에게 첫 구매의 50%를 할인해 주고 있습니다.\n선착순']"
"衣服床单脏污洗不掉不要扔，试试这款去污彩漂粉
只需轻松一泡，衣服亮洁如新
护色去污，不伤衣物不伤手
强力去除污渍，深层清洁不伤手","옷과 베갯잇이 더러워 씻어내지 못하면 버리지 마세요. 이 스타일링 컬러漂색제를 사용해 보세요.
간편하게 물에 담가두면 옷이 새것처럼 반짝입니다.
색을 보호하고 얼룩을 제거하며 옷과 손을 손상시키지 않습니다.
강력한 얼룩 제거, 깊은 청소, 손에 손상 없음","['침대 시트가 더러워지지 않으면 버리지 말고, 이 얼룩제거제를 사용해 보세요.\n한 벌 거뜬히 담그면 새 옷처럼 밝고 깨끗합니다.\n색을 보호하고 오염을 제거하며, 옷이나 손을 상하지 않습니다.\n강력하게 얼룩을 제거하여 손에 무리가 가지 않게 딥 클렌징']"
"把迈巴赫踩在脚下是什么感受？
高品质温暖运动鞋，可以在寒冷中自由奔跑
内里由高质量的羊绒制成的，温暖舒适
即使在零下20度也不会感到冷
软底软面，轻便而不臭脚
无论是运动还是休闲，它为您提供足够的舒适感
时尚趋势，简单而流行的色彩
现在购买有低价折扣，不要错过","메르세데스-벤츠를 발 밑에 밟는 느낌은 어떠한가?
고품질의 따뜻한 운동화로 추위 속에서도 자유롭게 달릴 수 있다.
내부는 고품질의 캐시미어로 제작되어 따뜻하고 편안하다.
-20도에도 추위를 느끼지 않는다.
부드러운 밑창과 부드러운 표면으로 가볍고 발냄새가 없다.
스포츠나 캐주얼 모두 충분한 편안함을 제공한다.
트렌디한, 심플하고 유행하는 색상
지금 구매하면 저렴한 할인을 제공하니 놓치지 마세요.",['마이바흐(迈巴赫把)를 밟으면 어떤 느낌입니까?\n고품질 따뜻한 스니커즈로 추위에도 자유자재로\n안감은 고퀄리티 캐시미어로 되어 있어 따뜻하고 편안하며\n영하 20도에서도 안 추워요\n푹신한 바닥과 부드러운 면으로 가볍고 냄새가 나지 않습니다.\n스포츠든 레저든 충분한 편안함을 제공합니다\n트렌디하고 심플하고 트렌디한 컬러\n지금 구매하시면 저가 할인이 있으니 놓치지 마세요.']
"为你的冬天加一份温暖
男士加绒加厚羊羔绒保暖外套，你的冬日必备！
内里精选羊绒面料，柔软舒适
加绒加厚设计，抵挡寒冷侵袭！
简约大方的款式，透露出低调的奢华感，让你在寒冷的冬天也能保持风度！
实用的口袋设计，既能装饰，又能存放物品，方便实用！
让你的冬天不再寒冷！
快来选购，为你的冬季添上一份暖意，让温暖与你同行！","겨울에 따뜻함을 더해주기
남성 기모 도톰 캐시미어 보온 코트, 겨울 필수템!
내부에 캐시미어 원단을 엄선하여 부드럽고 편안함
기모 도톰 디자인으로 추위에 강함!
심플하고 우아한 스타일로 소소한 럭셔리함을 연출하여 추운 겨울에도 우아함을 유지할 수 있음!
실용적인 포켓 디자인으로 장식도 가능하고 물건을 보관할 수 있어 편리하고 실용적!
겨울이 더 이상 추울 수 없음!
빨리 구매하세요, 따뜻함을 더해주기 위해 겨울에 따뜻함을 더해주기 위해 따뜻함을 더해주기 위해!","['그대의 겨울 따스함을 더하리\n남성 기모와 도톰한 캐시미어 따뜻한 점퍼, 당신의 겨울 필수!\n안감 캐시미어 원단을 엄선하여 부드럽고 편안하며\n기모와 도톰한 디자인으로 추위를 막아줍니다!\n베이직한 스타일로 절제된 럭셔리함을 드러내 추운 겨울에도 매너를 유지할 수 있게 해줍니다!\n실용적인 포켓 디자인으로 장식과 수납이 가능하여 편리하고 실용적입니다!\n당신의 겨울이 더 이상 춥지 않게 하라!\n빨리 와서 구매하세요, 당신의 겨울에 따뜻함을 더하고, 따뜻함이 당신과 동행할 수 있도록 하세요!']"
"为你的冬季增添一份温暖
抗寒橡胶厚底羊绒女靴，为你的足部提供全面保护！
特有的橡胶厚底设计，有效防滑
抵挡冷气，让你在寒冷的冬季也能自由行走！
内里选用羊绒材质，舒适保暖，贴心呵护你的双脚！
简约时尚的款式，让你在冬季也能展现自己的时尚品味！
快来选购，让我们的女靴陪你度过一个温暖的冬季！","겨울에 따뜻함을 더해주기
방한 고무 도톰 밑창 캐시미어 여성 부츠로 발을 전면 보호!
특유의 고무 도톰 밑창 디자인으로 미끄럼 방지 효과가 뛰어남
추위를 막아주어 추운 겨울에도 자유롭게 걸을 수 있게!
캐시미어 소재로 안감을 사용하여 편안하고 따뜻하며 발을 아껴주기!
심플하고 스타일리쉬한 스타일로 겨울에도 스타일리쉬한 분위기를 연출하기!
빨리 구매하세요, 따뜻한 겨울을 보내는 데 우리 부츠가 함께 하겠습니다!","['당신의 겨울날씨에 따뜻함을 더해줍니다.\n내한성 고무창 캐시미어 워커, 당신의 발을 전면적으로 보호합니다!\n특유의 고무창 디자인으로 미끄럼 방지에 효과적\n냉방을 막아주고 추운 겨울에도 자유롭게 걸을 수 있게 해줍니다!\n내피 캐시미어 소재로 편안하고 따뜻하며 발을 따뜻하게 보호해줍니다!\n심플하고 모던한 핏으로 겨울에도 스타일리시한 멋을 뽐낼 수 있습니다!\n어서 와서 구매하세요, 우리 부츠가 당신과 따뜻한 겨울을 보낼 수 있도록!']"
"老公说自从用了这个挂烫机
衣服不皱了，人都显得精神了
手持式挂烫机，是你家居生活的理想选择
轻巧便携的设计，让你随时随地都能享受到专业的熨烫服务
强大的蒸汽喷射，快速去皱，让你的衣物瞬间焕然一新
一键操作，简单易用，让熨烫变得轻松无压力
让你的生活更加便捷，更加精彩！
快来选购，让我们的挂烫机成为你家居生活的贴心小助手！","남편은 이 다리미기를 사용한 후부터
옷이 구김이 없고, 사람도 생기 있게 보인다고
휴대용 다리미기는 당신의 가정 생활의 이상적인 선택입니다.
가볍고 휴대용 디자인으로 언제 어디서나 전문적인 다리미 서비스를 즐길 수 있습니다.
강력한 증기 분사로 빠르게 구김을 제거하여 당신의 옷을 순간적으로 새로워지게 합니다.
원터치 조작으로 간단하고 사용하기 쉽고, 다리미를 쉽고 무압력으로 만듭니다.
당신의 생활을 더욱 편리하고 더욱 멋지게!
빨리 구매하세요, 우리의 다리미기를 당신의 가정 생활의 친절한 작은 도우미로 만들어주세요!","['남편이 이 스팀다리미 사용하면서부터\n옷이 구겨지지 않으니, 사람들이 모두 생기발랄해 보입니다.\n휴대용 스팀다리미는 당신의 가정 생활에 이상적인 선택입니다.\n가볍고 휴대 가능한 디자인으로 언제 어디서나 전문적인 다림질 서비스를 받을 수 있습니다.\n강력한 스팀 분사, 빠른 구김 제거로 당신의 옷을 한순간에 리프레시 시켜줍니다.\n원터치 조작으로 간편하고 사용하기 쉬운 다림질로 스트레스 없이 다림질 가능\n당신의 생활을 더욱 편리하게, 더욱 멋지게 만들어 주세요!\n빨리 와서 구매하세요, 우리의 스팀 다리미 기계가 당신의 가정 생활의 친절한 조수가 될 수 있도록!']"
"让青春无限延续，为你的肌肤注入活力！
有了这款胶原蛋白面霜，年轻态不是梦了！
富含胶原蛋白，深层滋养
改善肌肤松弛，让你的肌肤重焕年轻
独特的抗衰老配方，有效抵抗时间的侵蚀，让你的皮肤时刻保持紧致有弹性！
温和的质地，易于吸收，让你的肌肤得到深层的滋养与保护
快来选购，不满意全额退款","청춘을 무한으로 연장시켜, 피부에 활력을 불어넣어!
콜라겐 크림이 있으면 젊어지는 것이 꿈이 아니게!
콜라겐이 풍부하여 깊은 영양을 공급
피부를 잡아주어 피부를 젊게
유니크한 안티에이징 포뮬러로 시간의 침식에 효과적으로 저항하여 피부를 항상 탄력있게!
부드러운 텍스처로 흡수이 용이하여 피부를 깊이 영양과 보호
빨리 구매하세요, 불만족시 전액 환불","['젊음을 무한대로, 당신의 피부에 활력을!\n이 콜라겐 크림으로 젊음은 꿈이 아닙니다!\n콜라겐 함유로 깊은 영양감\n푸석푸석함을 개선하여 젊어진 피부로 가꿔줌\n독특한 안티에이징 포뮬러로 시간의 침식에 효과적으로 저항하여 피부를 항상 탱탱하고 탄력있게 유지!\n마일드한 텍스처로 흡수가 용이하여 피부에 깊은 영양과 보호\n빨리 와서 사고 마음에 안 들면 전액 환불']"
"你是否从干净的洗过澡呢？
来体验我们的电动按摩洗澡沐浴刷
舒服到让你惊叫
五头自动按摩，搓背刷长柄，让你轻松达到深层清洁
毛孔清洁仪器，能帮你把身上的死皮、老茧、污垢一扫而空
电动沐浴刷，多功能电动搓澡器，自带五种刷头
无论是洗脸，还是搓背，还是按摩磨脚，都能让你享受到最极致的舒适。
强劲动力，搭配细腻的刷头，让你的每一寸肌肤都充满活力
让你的洗浴时光更加美好","너는 깨끗한 목욕을 한 적이 있니?
우리의 전동 마사지 목욕 브러시를 경험해보세요.
너를 놀라게 할 정도로 편안합니다.
5개의 자동 마사지, 등지렁이 브러시 긴 손잡이로 깊은 청소에 쉽게 도달할 수 있습니다.
모공 청소 기구로 죽은 피부, 주름, 오염을 한꺼번에 제거할 수 있습니다.
전동 목욕 브러시, 다기능 전동 목욕 브러시, 5가지 브러시 헤드가 내장되어 있습니다.
얼굴 씻기, 등지렁이, 마사지, 발 마모 등 모든 것이 최상의 편안함을 누릴 수 있습니다.
강력한 동력, 섬세한 브러시 헤드와 함께 너의 모든 피부가 활기를 가득하게 해줍니다.
너의 목욕 시간을 더욱 아름답게 만들어줍니다.","['당신은 깨끗하게 목욕을 한 적이 있습니까?\n우리의 전동 마사지 샤워 브러쉬를 체험하러 왔습니다\n당신이 놀랄 만큼 편안합니다.\n5두 자동 마사지, 등을 비비고 긴 손잡이를 브러쉬로 간편하게 딥 클렌징\n모공 청소 기구는 몸의 굳은살, 굳은살, 때를 깨끗하게 제거해 줍니다.\n전동샤워브러쉬, 멀티세면기, 5가지 팁 포함\n세수를 하든, 등을 비비든, 발을 마사지하든, 최고의 편안함을 누릴 수 있습니다.\n파워풀한 힘과 섬세한 브러쉬로 한 치 한 치 피부 활력 충전\n당신의 샤워 시간을 더욱 좋게 합니다.']"
"磁吸四角气囊手机壳，气囊保护，即使从10米高处跌落也不用害怕。
时尚帅气，质量高端， 为您的手机安装保护
四角气囊，防摔防水，自带高清镜头膜
10米高摔下去也不怕！
时尚炫酷外形，高级感十足！
自带支架，横放竖放都可以！
iPhone用户专用
真防摔！
四角防摔加固","자석 4각 에어백 휴대폰 케이스, 에어백 보호, 10m 높이에서 떨어져도 두렵지 않음.
스타일리쉬하고 멋스러움, 고품질, 휴대폰에 보호 장착
4각 에어백, 낙하 방지, 방수, 고화질 렌즈 필름 포함
10m 높이에서 떨어져도 두렵지 않음!
스타일리쉬하고 멋스러움, 고급스러움!
스탠드 포함, 가로 세로 두께 모두 가능!
iPhone 사용자 전용
진정한 낙하 방지!
4각 낙하 방지 강화","['마그네틱 사각 에어백 케이스로 에어백이 보호돼 10m 높이에서 떨어져도 겁먹을 필요가 없습니다.\n스타일리쉬하고 멋스러우며, 프리미엄 퀄리티로 당신의 휴대폰 보호\n사각 에어백, 넘어짐 방지 방수, 자체 고화질 렌즈 필름 포함\n10미터 높이에서 떨어져도 두렵지 않습니다!\n모던하고 시크한 비주얼로 고급스러움 물씬!\n거치대가 있어 가로 세로 모두 가능합니다!\n아이폰 사용자 전용\n넘어지지 마!\n사각 낙상방지 보강']"
"太阳能旋转车载香薰
不仅好看，车里还有淡谈的清香味
航空太阳能板，遇光旋转
360°旋转散香，全车都是香香的
快速去味，除甲醛，净化空气
法国进口香水，非常好闻，妥妥的豪车感
做工非常棒
不仅是香薰，亦是艺术品","태양열 회전 차량용 방향제
아름답고 차 안에 부드러운 향이 나요
항공 태양열 패널, 빛을 맞으면 회전
360° 회전 방향제, 차 전체가 향긋해요
속도 빠른 냄새 제거, 포름알데히드 제거, 공기 정화
프랑스 수입 향수, 매우 향기가 좋고, 고급스러운 차량감
일정한 공예
방향제뿐만 아니라 예술품이기도 해요","['솔라 로터리 차량용 디퓨저\n아름다울 뿐만 아니라 차 안에서도 은은한 향기가 납니다.\n항공 태양열 패널, 빛에 노출되면 회전\n360°회전하여 향기로운 차임\n빠른 냄새 제거, 포름알데히드 제거, 공기 정화\n프랑스 수입 향수, 아주 좋은 향, 적당한 고급차 느낌\n솜씨가 아주 좋습니다\n디퓨저 뿐만 아니라 예술품입니다.']"
"这就是我们的新西兰进口羊绒连帽外套，让你的冬天不再寒冷
尽享优质羊绒面料的温暖
比普通羽绒服保暖效果提高2倍！
防风保暖不畏严寒，让你告别寒冷
假两件式设计，轻松穿出慵懒时尚感
适合任何身材，永不过时
简约风格，遮盖下垂，让你看起来更苗条
穿上它，你将看起来增高6厘米，瘦身20公斤
现在购买享受五折优惠","이것이 우리의 뉴질랜드 수입 캐시미어 후드 코트로 겨울이 더 이상 추울 수 없게 해줍니다.
고급 캐시미어 원단의 따뜻함을 즐기세요.
일반 패딩보다 보온 효과가 2배 더 높습니다!
바람과 추위를 막아주어 추위를 이길 수 있습니다.
2종 디자인으로 느긋한 패션감을 연출할 수 있습니다.
어떤 체형에도 잘 어울리며 유행을 타지 않습니다.
심플한 스타일로 하체를 커버해 보다 날씬해 보입니다.
입으면 키가 6cm 커지고 20kg 날씬해 보입니다.
지금 구매하시면 50% 할인 받으실 수 있습니다.","['이것이 바로 우리 뉴질랜드 수입 캐시미어 후드 점퍼로 당신의 겨울을 춥지 않게 하는 것입니다.\n프리미엄 캐시미어 원단의 따뜻함을 만끽하며\n일반 패딩보다 보온 효과가 2배!\n추위로부터 바람과 보온을 지켜줘 추위로부터 벗어나게 해 줄께\n페이크 투피스 디자인으로 나른한 패션감각으로 가볍게 입기\n어떤 스타일에도 잘 어울리며 유행 타지 않는\n심플한 스타일로 처짐 커버로 날씬해 보이게 연출\n그것을 입으면, 당신은 6센티미터 더 커지고 20킬로그램이 빠져 보일 것입니다.\n지금 구매하시면 50% 할인해 드립니다']"
"豪车保养都在用镀膜喷雾
一喷一擦，车漆光滑無痕，跟新车一样
采用纳米镀膜技术 ，去污 镀膜二合一，一秒换新车
防尘防腐蚀抗氧化，小鸟站上去都要打滑
下雨/下雪/黄沙/暴晒等恶劣天气都不怕
比打蜡更亮更方便，不伤车漆，不用天天洗车
超大容量，一瓶能用两年
十年老车变新车，无需打蜡！喜欢的车友赶紧下单吧","고급차 유지보수에는 코팅 스프레이를 사용합니다.
스프레이하고 닦으면 차가 매끄럽고 흔적이 없으며 새 차와 같습니다.
나노 코팅 기술을 사용하여, 오염 제거, 코팅 2-in-1, 1초에 새 차로 바꿉니다.
먼지 방지, 부식 방지, 항산화, 새가 올라서도 미끄러지게 됩니다.
비/눈/황사/폭염 등恶劣天气를 두려워하지 않습니다.
왁스보다 더 밝고 편리하며, 차를 손상시키지 않고 매일 세차할 필요가 없습니다.
초대용량, 한 병은 2년 동안 사용할 수 있습니다.
10년된 오래된 차가 새 차로 변할 수 있으며, 왁스를 바르지 않아도 됩니다! 좋아하는 차량을 구매하세요.",pass
"有了这款血糖手表，您不再需要刺血来测量血糖水平
对于糖尿病患者来说，无需刺破手指即可测量
这款新的血糖手表真的很方便
血糖水平可以轻松控制
随时随地进行测量
您可以轻松监测您或家人的血糖水平
安全舒适地随身携带
它还可以测量血压、心率、血氧、睡眠、步数和体温等健康数据
新一代智能手表限时优惠上架
如果您不满意，您可以退款","이 혈당 시계가 있으면 더 이상 혈당 측정을 위해 혈액을 찌르지 않아도 됩니다.
당뇨병 환자에게는 손가락을 찌르지 않고 측정할 수 있습니다.
새로운 혈당 시계는 정말 편리합니다.
혈당 수치를 쉽게 제어할 수 있습니다.
언제 어디서나 측정할 수 있습니다.
당신이나 가족의 혈당 수치를 쉽게 모니터링할 수 있습니다.
안전하고 편안하게 휴대할 수 있습니다.
혈압, 심박수, 산소, 수면, 걸음 수, 체온 등 건강 데이터를 측정할 수도 있습니다.
신형 스마트워치가 한시적으로 할인되었습니다.
만약 만족하지 않으시면 환불할 수 있습니다.",pass
"欢迎来到视野清晰的世界，这款最新版的老花镜不要错过
这款眼镜适合远近视力，无论何种角度都能自动对焦，是现代设计的杰作
除此之外，它还能保护您的眼睛免受有害蓝光的伤害
品质是我们的承诺，这款眼镜可媲美实体店数百欧元的产品
大学教授历经30多年研发的高品质产品，可自由调节700度，无论是阅读、走路还是开车都能轻松应对
它轻至只有七克，让你戴一整天也不会感到不适
时尚的设计让你看起来年轻10岁，而且还防刮，配有眼镜盒和防刮眼镜清洁布
点击下方链接购买，别等了，这是真正的特价！","눈을 뚫어보는 세상에 오신 것을 환영합니다. 이 최신 버전의 노안 안경을 놓치지 마세요.
이 안경은 원근 시력에 적합하며, 어떤 각도에서나 자동 초점을 맞출 수 있으며, 현대적인 디자인의 걸작입니다.
그 외에도 유해한 블루라이트로 인해 눈을 보호할 수 있습니다.
품질은 우리의 약속이며, 이 안경은 실물 매장의 수백 유로에匹敵할 수 있는 제품입니다.
대학 교수는 30년 이상의 연구 개발을 거쳐 고품질의 제품을 만들었습니다. 700도 자유롭게 조절할 수 있으며, 읽기, 걷기, 운전 등 모든 상황에 쉽게 대응할 수 있습니다.
7g에 불과하여 하루 종일 착용해도 불편함 없이 착용할 수 있습니다.
패션 디자인으로 10살 젊어 보이고, 스크래치 방지, 안경 케이스와 스크래치 방지 안경 세척布가 함께 제공됩니다.
아래 링크를 클릭하여 구매하세요. 기다리지 마세요. 이것은 진정한 특가입니다!",pass
"具有紫外线杀菌功能和强劲的10,000pa高吸力, 深入螨虫和细菌
德国紫外线无线除螨仪，买 1 送 1 S$65",,pass
"这款多功能电动迷你料理机，真的是厨房里的好帮手
打蒜泥、辣椒碎、切肉沫做辅食都很方便

爱做饭的妈妈都特别喜欢这个小东西！这款料理机便宜又好用，家里还没有的，一定要赶紧备一个！一键启动，电动搅碎！大蒜、洋葱、辣椒放进去，几秒钟就能打碎！不辣眼睛不伤手！肉类放进去，很快就变成了肉沫！搅碎的非常均匀细腻，比一般的料理机好用多了！家里有孩子还可以用它绞肉泥做辅食！它拥有超强的大电池，充一次电能使用一个月以上！再也不需要插线板了！整机可拆卸设计，清洗很方便，用完水一冲就干净了！省时又省力！","이 다기능 전동 미니 조리기계는 정말 주방의 좋은 도우미입니다.
마늘가루, 고추가루, 고기물질을 잘게 썰어 부식 만들기 등이 편리합니다.

요리를 좋아하는 엄마들은 이 작은 것에特别 좋아해요! 이 조리기계는 저렴하고 잘 쓰고 집에 없으면 꼭 사야 해요! 원터치로 전동으로 분쇄! 마늘, 양파, 고추를 넣으면 몇 초만에 잘게 부숩니다! 매운 눈에 해를 끼치지 않고 손도 상하지 않아요! 고기를 넣으면 금방 고기물질이 됩니다! 잘게 부수는 것이 매우 균일하고 섬세하여 일반 조리기계보다 훨씬 더 좋아요! 아이가 있는 집에서는 고기물질을 부식으로 만들 수 있어요! 초강력 배터리를 가지고 있어 한 번 충전하면 한 달 이상 사용할 수 있어요! 더 이상 전원기를 필요 없어요! 전기기계는 분리식으로 설계되어 세척이 편리하며 물로 씻으면 깨끗해져요! 시간과 힘을 절약해요!",pass
"漂亮的发型自由切换！ 
#小型多功能夹板 
3分钟改变发型！
卷刘海，卷发，拉直发，都很漂亮！ 
陶瓷面板不会损伤发质
限时打折！ 快点买！","아름다운 헤어스타일自由 전환!
#소형 다기능 클립판
3분 헤어스타일 전환!
볼륨 헤어, 볼륨 헤어, 스트레이트 헤어 모두 예뻐요!
세라믹 패널은 모발을 손상시키지 않습니다.
한시적 할인! 빨리 사세요!",pass
给老婆买了一个卷发器，现在每天都要换发型，不用再花钱去理发店，每天在家换不同的造型了，足不出户，省了几十万，最重要的是，它是加热陶瓷的涂层板，抑制水分蒸发，释放负离子，打造润泽秀发，还可以快速定型，定型时间长。直发、卷发均可使用，打造各种发型。有人会说应该见过很多，但是今天的折扣很值得去购买，买一送一，厂家直销，不经过中间商，不满意全额赔付将全额退款，点击下方链接购买！,,pass
"手持自动缝纫机
小物件大用途 操作简单 
迷你电动缝纫机，只需把线穿好，按一下按钮就能使用
操作简单，平时缝个衣服是真方便啊！

再也不要花大价钱去买老式缝纫机了！使用不方便还非常占地方！赶紧来试试这款全自动手持缝纫机！小巧便携，随身携带，随时随地都能使用！我也是用了这个才知道，原来缝衣服这么简单！无论是缝个床单、被套还是袜子、袖套，无需复杂操作，只要把线穿好，轻轻一按，轻轻松松就能缝补，而且非常牢固！傻瓜式操作，就算不懂针线活的人也能轻松使用！迷你的外观设计，不占空间，用完随手放到抽屉就可以了！小物件大用途，以后再也不用花钱去外边缝衣服了！",휴대용 자동자,pass
"家用可调节磨刀石支架 ，可伸缩，大小水槽通用
不锈钢材质，稳固防滑，磨刀快速又安全

找了好久终于找到了这款可以放各种磨刀石的支架，长度可以随意调节，各种水槽都能用！稳固不打滑，磨刀快速又锋利！安装十分便利，调节螺栓即可，挡板长短可调节，适用于不同长度的磨刀石！磨刀稳固不晃动，接水排水很方便！稳定不滑动，磨刀更轻松！高效省力！厨房里的水槽都可以使用！现在购买赠送高品质磨刀石，够用一辈子！","가정용 조절식 연마대 받침대, 신축성, 다양한 싱크대에 사용 가능
스테인리스 스틸 소재, 안정적이고 미끄럼 방지, 빠르고 안전한 연마
오랫동안 찾았던 다양한 연마대 받침대, 길이 조절 가능, 다양한 싱크대에 사용 가능! 안정적이고 미끄럼 방지, 빠르고 날카로운 연마! 설치가 매우 편리하며, 조절 볼트만 조절하면 됩니다. 방지판의 길이를 조절할 수 있어 다양한 길이의 연마대에 사용 가능! 연마가 안정적이고 흔들리지 않으며, 물을 받고 배수하기 편리! 안정적이고 미끄럼 방지, 연마가 더 쉽습니다! 효율적이고 힘을 절약합니다! 주방의 싱크대 모두 사용 가능! 지금 구매하면 고품질 연마대가 증정되며 평생 사용 가능!",pass
"特价只有现在！
品牌真皮包包，经典格纹，简约又不失优雅！
真皮切割，防水防油，耐刮防磨
百搭版型，超级时尚！","특가가 지금만!
브랜드 가죽 가방, 클래식 체크무늬, 심플하면서도 우아함을 잃지 않다!
가죽 커팅, 방수 방유, 스크래치와 마모에 강함
매치업 버전, 스타일리쉬!",pass
"保密发货，无副作用
塑阴紧致，做幸福女人
男人喜欢的紧致性感
每晚一粒，快速缩阴
重回18岁，私处紧润丹
产后修复，阴道滋养，配合锻炼，效果翻倍
私处紧致不反弹
使用后阴道紧致，湿润白皙，水嫩无异味
先试用，一次就紧
紧致胶囊，当天紧一指
女性私处紧致胶囊
自己的小花园变得粉嫩多汁，老公更爱我了","비밀 배송, 부작용 없음
보정, 행복한 여자가 되기
남자가 좋아하는 탄력감
매일 한 알을 먹으면, 속이 빠르게 조여집니다.
18세로 돌아가, 사정부가 촉촉하고 촉촉해집니다.
산후 복구, 질을 보양, 운동과 조화롭게, 효과가 두 배로 증가합니다.
사정부가 촉촉하고 탄력감이 있어 반발이 없습니다.
사용 후 질이 촉촉하고, 흰색, 촉촉하고, 무취입니다.
먼저 사용하여, 한 번에 촉촉해집니다.
탄력 캡슐, 당일 한 손가락으로 촉촉해집니다.
여성 사정부 탄력 캡슐
자신의 작은 정원은 보송보송하고, 남편이 더 사랑해집니다.",pass
五星级大厨推荐的铁锅！这款无涂层铁锅简直就是是锅中之王！它采用无涂层的工艺，买回来不需要开锅，清洗干净直接用，不管是煎蛋，煎鱼还是炒菜，一辈子都不会粘锅。锅身采用深层氮化处理，用一辈子也不会生锈，非常耐用。底部做了旋压纹，导热均匀又迅速，做的饭菜非常好吃。而且这款锅重量轻，女生单手也能随意翻转。现在下单享受超低折扣，厂家承诺，如果粘锅终身免费换新！,"5성급 요리사가 추천하는 철鍋! 이 무코팅 철鍋은 정말鍋의 제왕! 무코팅 공법으로, 사면 열을 가리지 않아, 계란을 지진, 생선을 지진, 채소를 지진, 평생鍋에 달라붙지 않음.鍋은 깊은 질화 처리로, 평생 녹슬지 않음. 底部는 회전압출 패턴으로, 열을 고르게 전달하고, 음식을 만들면 매우 맛있음. 그리고 이鍋은 무게가 가볍고, 여성은 한 손으로도 자유롭게 뒤집을 수 있음. 지금 주문하면 초저가 할인, 제조사가 약속,鍋에 달라붙으면 평생 무료로 새로 교환!",pass
"无涂层不粘锅
丝滑不粘，粘锅免费换新
导热快速又均匀，烹饪美味
纯手工打造，不生锈
重量轻，女生单手也能操作
厂家推广，限时5折秒杀！","코팅 없는 스티커 프라이팬
매끄럽고 스티커, 스티커 무료 교환
열전도 빠르고 균일, 맛있는 요리
순수 핸드메이드, 녹슬지 않음
가볍고 여성도 한 손으로 사용 가능
공장 프로모션, 한시적 50% 할인!",pass
"汽车4S店永远不会告诉你的秘密！
这款车漆修复喷雾可以为你的车节省几万泰铢！
碰撞造成划痕。
只要喷这个喷雾，来回喷一下，
你的车就会再次焕新起来。就像刚买的新车。
里面有修复分子，可以帮助除锈，
并添加环保无味的抛光成分，能快速渗透到漆面。
今天厂家举办活动：
买一瓶送一瓶。
只有今天下单才会赠送！","자동차 4S점은 절대 알려주지 않을 비밀!
이 자동차 페인트 수리 스프레이는 당신의 차를 수만 태铢 절약할 수 있습니다!
충돌로 인한 긁힘.
이 스프레이를 뿌리면, 몇 번을 뿌리면,
당신의 차가 다시 새차처럼 새로워집니다.
수리 분자가 들어 있어 녹을 제거할 수 있으며,
환경 친화적이고 무취의 연마 성분을 첨가하여 페인트 표면에 빠르게 침투할 수 있습니다.
오늘 제조사가 이벤트를 개최합니다:
1병 사면 1병 증정합니다.
오늘만 주문하면 증정합니다!",pass
"很适合搬家或者换季收纳的大容量收纳袋
防尘防潮，承重力强，容量很大，特别实用

每次换季的时候，衣服都是用这个折叠收纳袋装起来！它容量特别大，各种大小薄厚的衣服都能轻松装进去！家里不用的被子毯子也能装起来！牛津布材质，结实耐磨，防尘防潮又防虫！再也不怕衣服受潮发霉了！两个这种的收纳袋就可以收纳一整柜的衣服，放在衣柜里非常整齐！无论是想搬家还是换季做收纳，都可以入手几个这样的袋子！上边是带术口设计的，不怕搬家途中掉东西，也不怕换季被子落灰尘！两边带提手，非常结实，不会断裂！衣服被子用它收纳起来不仅美观还节省空间！","이동이나 계절변환 시 수납에 적합한 대용량 수납백
먼지와 습기를 차단하고, 견인력이 강하며, 용량이 커서, 특히 실용적이다.

계절마다 옷은 이 접이식 수납백으로 포장한다! 용량이 매우 크고, 다양한 크기와 두께의 옷을 쉽게 담을 수 있다! 집에 쓰이지 않는 이불도 담을 수 있다! 옥스포드 원단으로 튼튼하고 내마모성이 뛰어나며, 먼지와 습기를 차단하고 벌레도 방지한다! 더 이상 옷이 습기와 곰팡이로 변할 걱정 없다! 이 수납백 두 개면 옷장 한 칸을 수납할 수 있다. 옷장에 넣어도 매우 정돈된다! 이 수납백을 몇 개 사서 이동하든 계절변환 시 수납을 하든 좋다! 위에는 포트 디자인으로, 이동 중 물건이 떨어지거나 계절변환 시 이불이 먼지를 흘러내릴 걱정 없다! 양쪽에 손잡이가 있어 매우 견고하고, 부서지지 않는다! 옷과 이불을 수납하면 아름답고 공간도 절약한다!",pass
"这个衣物洗护球太好用了，轻松过滤纸屑和毛发
把它放进洗衣机里，洗的干净不伤衣物

这个东西你们肯定没有见过，它叫一网打尽！把它放进洗衣机里洗衣服，轻松过滤毛絮和杂物，收集的毛絮只进不出！你看，纸屑和毛发都集中在网兜里了！再也不怕洗完的衣物不干净了！柔软硅胶材质，不会损伤衣物！它可以轻松收集衣服、裤子、床单、枕套上的毛絮或是宠物毛发，洗的干净不伤衣物，非常好用！家里养猫养狗的，衣服容易粘毛，一定要买回去试试！","이 옷 세탁볼은 너무 좋아요. 종이와 털을 쉽게 걸러줍니다.
세탁기에 넣고 세탁하면 옷이 손상되지 않고 깨끗해집니다.

이건 분명 안 보았을 거예요. 이것은 일망천리를 의미해요! 세탁기에 넣고 세탁하면 털과 잡물을 쉽게 걸러주고, 모직을 모으면 안에 들어가고 밖으로 나올 수 없어요! 보세요, 종이와 털이 모두 그물에 모아져 있어요! 더 이상 세탁한 옷이 깨끗하지 않게 걱정하지 않아요! 부드러운 실리콘 소재로 옷을 손상시키지 않아요! 옷, 바지, 베개 커버, 애완동물의 털을 쉽게 모을 수 있고, 세탁하면 옷이 손상되지 않고 매우 좋아요! 집에 고양이와 개를 키우는 분들은 옷에 털이 잘 달라서 꼭 사서 사용해 보세요!",pass
"40岁以上的老花眼人群，不要佩戴老旧伤眼的眼镜了
以前在专柜见过这款时尚的老花镜，太贵了
现在看到网上有卖这这款大品牌正品眼镜
现在下单80%OFF优惠
高级时尚，近视远视都能戴，时尚百搭
采用钻石切边技术，高清护眼抗疲劳
劣质的眼镜佩戴起来很累眼，这款就完全不会
可以阻挡蓝光，看电视、报纸更清晰
一副好老花镜可以佩戴一辈子
高品质是我们品牌的关键","40세 이상의 노안인들은 더 이상 낡은 안경을 쓰지 마세요.
예전에 매장에서 이 스타일리쉬한 노안 안경을 봤는데 너무 비쌌어요.
지금은 온라인에서 이 대형 브랜드 정품 안경을 팔고 있어요.
지금 주문하시면 80% 할인되세요.
고급스럽고 스타일리쉬하여 근시와 원시 모두 착용 가능하고 스타일리쉬하게 코디 가능해요.
다이아몬드 컷팅 기술을 적용하여 고화질로 눈 보호와 피로 방지 가능해요.
낙질 안경은 눈이 피곤해지면 안에 들어가는데 이 안경은 전혀 안 돼요.
블루라이트를 차단해 텔레비전, 신문 등을 더 선명하게 보실 수 있어요.
좋은 노안 안경은 평생 착용할 수 있어요.
고품질은 우리 브랜드의 핵심이에요.",pass
"这款小型充气泵真的太实用了！
不管是轮胎、气球还是篮球，十秒快速充气
小巧便携，适合各种充气型用品！
采用智能数字显示，您可以清晰地看到气压数值
操作简单易懂！高效快速充气
解决您路途中的突发情况
此外，它还具有自动停止功能，当达到设定的气压时，机器会自动停止充气，避免了过度充气的问题！
是您出行的理想伴侣！
马上购买享受五折优惠","이 소형 공기 펌프는 정말 실용적이다!
타이어, 풍선, 농구 등 10초에 빠르게 공기 채우기
작고 휴대성이 좋으며 다양한 공기 채우기용품에 적합하다!
스마트 디지털 디스플레이를 사용하여 공기압 수치를 명확히 볼 수 있다.
간단하고 이해하기 쉽다! 효율적이고 빠른 공기 채우기
여행 중의 갑작스러운 상황을 해결한다.
또한 자동 정지 기능이 있어 설정된 공기압에 도달하면 기계가 자동으로 공기 채우기를 멈추어 과도한 공기 채우기를 방지한다!
여행의 이상한 동반자다!
지금 구매하면 50% 할인",pass
"创新科技产品，无创监测健康血糖的手表
无痛检测身体技能状况
实时同步手机端，异常状态迅速得知
健康管理与时尚设计于一体
实时心率监测，让您随时掌握自己的身体状况！
更有血糖检测功能，为糖尿病患者量身打造，健康随时查！
不仅如此，它还拥有各类实用功能，如步数计数、睡眠监测等！
精致的外观设计，既是健康的守护者，又是时尚的饰品！
不管是自用还是送给父母家人都是最好的","혁신적인 기술 제품, 무创적인 건강 혈당 모니터링 시계
무통 검사, 신체 능력 상태
휴대폰 실시간 동기화, 이상 상태를 빠르게 알 수 있음
건강 관리와 패션 디자인을 한 몸에
실시간 심박수 모니터링으로 언제든지 자신의 신체 상태를 파악할 수 있어요!
또한 혈당 검사 기능이 있어 당뇨병 환자에게 맞춤형으로 건강을 언제든지 확인할 수 있어요!
그뿐만 아니라, 실용적인 기능을 갖추고 있어, 걸음 수 계산, 수면 모니터링 등이 있어요!
정교한 외관 디자인으로 건강의 수호자이자 패션饰품이기도 해요!
자신용으로도 부모님과 가족에게 선물로도 최고",pass
"给你买银杏叶项链的人，一定是最爱你的人。
因为银杏叶有一句特别的广告语，
因为有你，三生有幸，永远的爱！","너에게 가을잎 목걸이를 사는 사람은 너를 가장 사랑하는 사람이다.
가을잎은 특별한 광고 문구가 있다.
너 때문에 세생의 행운, 영원한 사랑!",pass
"多功能锅具翻新剂
泡一泡就能清理锅底黑渍，做起家务轻轻松松！
不伤手不伤锅，一泡一冲污渍就不见了！


家里烧黑的锅先不要扔！温水里加入它，你家从此不用再买新锅了！就是这款厨房清洁泡立净！平常家里难洗的油污，烧黑的锅具，只要把这个倒进温水里，然后把锅具往里一泡，它里面的生物降解酶就能自动分解污渍！只需一分钟就能把烧焦的锅具冲洗得干干净净！就连边边角角的地方也能清洗的白白净净！这样要扔掉的锅碗瓢盆就不用换新了！花小钱省大钱！简直就是给厨房来了个大翻新！现在厂家做活动，买一瓶送两瓶！到手整整三大瓶，这么多还不到一顿早餐钱！","다기능 냄비 리뉴얼제
물에 담가두면 냄비 바닥의 검은 얼룩을 제거할 수 있어, 집안일을 손쉽게 할 수 있어요!
손도 손도 안 손상하고, 물에 담가두면 얼룩이 사라지게 돼요!

집안에 검게 타는 냄비는 버리지 마세요! 온수에 넣으면 더 이상 새로운 냄비를 사지 않아도 돼요! 바로 이 주방 청소 물에요! 평소에 집안에서 씻기 어려운 기름때, 검게 타는 냄비는, 이걸 온수에 넣고, 냄비를 담가두면, 안에 있는 생물분해효소가 자동으로 얼룩을 분해할 수 있어요! 불에 타서 건조한 냄비를 1분만에 깨끗하게 씻을 수 있어요! 모서리까지 깨끗하게 씻을 수 있어요! 이렇게 버릴 냄비를 더 이상 새로 사지 않아도 돼요! 돈을 적게 쓰고 돈을 많이 절약해요! 주방을 새로 만든 것 같아요! 지금 공장에서 이벤트를 하고 있어요. 1병 사면 2병 증정해요! 세 병을 모두 받을 수 있어요. 이렇게 많은 돈은 아침 식사 한 번에 못 사요!",pass
